ticker,symbol,status,total_filings,xbrl_filings,dev_xbrl_filings,quarters_in_dev_window,earliest_dev_quarter,latest_dev_quarter,earliest_dev_broadcast,latest_dev_broadcast,insufficient_data
ADANIENT.NS,ADANIENT,OK,158,53,53,27,2018-03-31,2024-12-31,2018-06-12,2025-01-31,False
ADANIPORTS.NS,ADANIPORTS,OK,123,51,51,26,2018-03-31,2024-12-31,2018-05-26,2025-01-30,False
APOLLOHOSP.NS,APOLLOHOSP,OK,106,48,48,27,2018-03-31,2024-12-31,2018-06-23,2025-02-11,False
ASIANPAINT.NS,ASIANPAINT,OK,164,55,55,28,2018-03-31,2024-12-31,2018-06-15,2025-02-04,False
AXISBANK.NS,AXISBANK,OK,101,45,45,25,2018-06-30,2024-12-31,2018-08-13,2025-01-16,False
BAJAJ-AUTO.NS,BAJAJ-AUTO,OK,110,54,54,27,2018-03-31,2024-12-31,2018-05-26,2025-01-29,False
BAJFINANCE.NS,BAJFINANCE,OK,110,47,47,24,2018-03-31,2024-12-31,2018-06-21,2025-01-29,False
BAJAJFINSV.NS,BAJAJFINSV,OK,134,52,52,26,2018-03-31,2024-12-31,2018-06-21,2025-01-30,False
BPCL.NS,BPCL,OK,109,49,49,27,2018-03-31,2024-12-31,2018-06-26,2025-01-23,False
BHARTIARTL.NS,BHARTIARTL,OK,137,52,52,26,2018-09-30,2024-12-31,2018-10-29,2025-02-06,False
BRITANNIA.NS,BRITANNIA,OK,129,54,54,28,2018-03-31,2024-12-31,2018-05-25,2025-02-06,False
CIPLA.NS,CIPLA,OK,133,54,54,27,2018-03-31,2024-12-31,2018-05-25,2025-01-29,False
COALINDIA.NS,COALINDIA,OK,120,56,56,28,2018-03-31,2024-12-31,2018-08-24,2025-01-27,False
DIVISLAB.NS,DIVISLAB,OK,128,51,51,28,2018-03-31,2024-12-31,2018-06-21,2025-02-03,False
DRREDDY.NS,DRREDDY,OK,138,56,56,28,2018-03-31,2024-12-31,2018-05-26,2025-01-24,False
EICHERMOT.NS,EICHERMOT,OK,153,56,56,28,2018-03-31,2024-12-31,2018-06-15,2025-02-11,False
GRASIM.NS,GRASIM,OK,165,56,56,28,2018-03-31,2024-12-31,2018-06-25,2025-02-10,False
HCLTECH.NS,HCLTECH,OK,119,54,54,27,2018-03-31,2024-12-31,2018-05-26,2025-01-14,False
HDFCBANK.NS,HDFCBANK,OK,103,49,49,26,2018-06-30,2024-12-31,2018-08-10,2025-01-23,False
HDFCLIFE.NS,HDFCLIFE,INSUFFICIENT_DATA,0,0,0,0,,,,,True
HEROMOTOCO.NS,HEROMOTOCO,OK,107,52,52,28,2018-03-31,2024-12-31,2018-05-26,2025-02-06,False
HINDALCO.NS,HINDALCO,OK,106,51,51,28,2018-03-31,2024-12-31,2018-06-21,2025-02-13,False
HINDUNILVR.NS,HINDUNILVR,OK,106,51,51,28,2018-03-31,2024-12-31,2018-05-26,2025-01-22,False
ICICIBANK.NS,ICICIBANK,OK,115,50,50,28,2018-03-31,2024-12-31,2018-07-10,2025-01-25,False
ITC.NS,ITC,OK,107,50,50,28,2018-03-31,2024-12-31,2018-06-08,2025-02-06,False
INDUSINDBK.NS,INDUSINDBK,OK,101,44,44,23,2018-06-30,2024-12-31,2018-08-10,2025-01-31,False
INFY.NS,INFY,OK,144,52,52,26,2018-09-30,2024-12-31,2018-10-19,2025-01-16,False
JSWSTEEL.NS,JSWSTEEL,OK,159,53,53,27,2018-03-31,2024-12-31,2018-06-08,2025-01-24,False
KOTAKBANK.NS,KOTAKBANK,OK,159,51,51,26,2018-06-30,2024-12-31,2018-08-10,2025-01-29,False
LT.NS,LT,OK,129,56,56,28,2018-03-31,2024-12-31,2018-06-22,2025-01-31,False
M&M.NS,M&M,OK,107,48,48,27,2018-03-31,2024-12-31,2018-06-22,2025-02-07,False
MARUTI.NS,MARUTI,OK,108,47,47,26,2018-06-30,2024-12-31,2018-08-10,2025-01-29,False
NESTLEIND.NS,NESTLEIND,INSUFFICIENT_DATA,9,8,8,6,2023-09-30,2024-12-31,2023-10-27,2025-01-31,True
NTPC.NS,NTPC,OK,108,49,49,27,2018-03-31,2024-12-31,2018-06-21,2025-01-25,False
ONGC.NS,ONGC,OK,106,49,49,27,2018-03-31,2024-12-31,2018-06-22,2025-01-31,False
POWERGRID.NS,POWERGRID,OK,93,51,51,28,2018-03-31,2024-12-31,2018-06-22,2025-02-04,False
RELIANCE.NS,RELIANCE,OK,130,53,53,27,2018-06-30,2024-12-31,2018-08-07,2025-01-16,False
SBILIFE.NS,SBILIFE,INSUFFICIENT_DATA,0,0,0,0,,,,,True
SBIN.NS,SBIN,OK,145,50,50,25,2018-06-30,2024-12-31,2018-11-29,2025-02-06,False
SUNPHARMA.NS,SUNPHARMA,OK,163,55,55,28,2018-03-31,2024-12-31,2018-06-19,2025-01-31,False
TCS.NS,TCS,OK,162,52,52,26,2018-09-30,2024-12-31,2018-10-15,2025-01-09,False
TATACONSUM.NS,TATACONSUM,OK,156,54,54,27,2018-03-31,2024-12-31,2018-06-19,2025-01-30,False
TATASTEEL.NS,TATASTEEL,OK,156,55,55,28,2018-03-31,2024-12-31,2018-06-19,2025-01-27,False
TECHM.NS,TECHM,OK,148,52,52,26,2018-03-31,2024-12-31,2018-06-20,2025-01-17,False
TITAN.NS,TITAN,OK,115,56,56,28,2017-03-31,2024-12-31,2018-06-18,2025-02-04,False
ULTRACEMCO.NS,ULTRACEMCO,OK,128,51,51,25,2018-09-30,2024-12-31,2018-10-22,2025-01-23,False
UPL.NS,UPL,OK,159,53,53,26,2018-09-30,2024-12-31,2018-10-29,2025-01-31,False
WIPRO.NS,WIPRO,OK,134,50,50,25,2018-09-30,2024-12-31,2018-10-25,2025-01-17,False
ADANIGREEN.NS,ADANIGREEN,OK,62,56,56,28,2017-09-30,2024-12-31,2018-11-21,2025-01-23,False
AMBUJACEM.NS,AMBUJACEM,OK,116,50,50,25,2018-06-30,2024-12-31,2018-08-02,2025-01-29,False
APOLLOTYRE.NS,APOLLOTYRE,OK,147,54,54,27,2018-03-31,2024-12-31,2018-06-15,2025-02-07,False
ASHOKLEY.NS,ASHOKLEY,OK,106,48,48,26,2018-03-31,2024-12-31,2018-06-22,2025-02-12,False
ASTRAL.NS,ASTRAL,OK,119,56,56,28,2018-03-31,2024-12-31,2018-05-29,2025-01-30,False
AUROPHARMA.NS,AUROPHARMA,OK,154,50,50,25,2018-03-31,2024-12-31,2018-06-26,2025-02-06,False
BALKRISIND.NS,BALKRISIND,OK,105,52,52,28,2018-03-31,2024-12-31,2018-06-19,2025-01-25,False
BANDHANBNK.NS,BANDHANBNK,OK,25,22,22,22,2018-06-30,2024-12-31,2018-08-10,2025-01-31,False
BANKBARODA.NS,BANKBARODA,OK,104,51,51,26,2018-03-31,2024-12-31,2018-07-02,2025-01-30,False
BEL.NS,BEL,OK,107,51,51,28,2018-03-31,2024-12-31,2018-06-23,2025-01-30,False
BHEL.NS,BHEL,OK,106,50,50,28,2018-03-31,2024-12-31,2018-06-22,2025-01-28,False
BIOCON.NS,BIOCON,OK,168,52,52,26,2018-09-30,2024-12-31,2018-10-29,2025-01-31,False
BOSCHLTD.NS,BOSCHLTD,OK,104,46,46,26,2018-03-31,2024-12-31,2018-07-04,2025-01-28,False
CANBK.NS,CANBK,OK,101,48,48,27,2018-03-31,2024-12-31,2018-07-04,2025-01-27,False
CHOLAFIN.NS,CHOLAFIN,OK,150,47,47,25,2018-03-31,2024-12-31,2018-07-30,2025-02-01,False
COLPAL.NS,COLPAL,OK,72,28,28,28,2018-03-31,2024-12-31,2018-05-26,2025-01-28,False
CONCOR.NS,CONCOR,OK,106,49,49,26,2018-03-31,2024-12-31,2018-05-26,2025-01-31,False
CROMPTON.NS,CROMPTON,OK,62,51,51,28,2018-03-31,2024-12-31,2018-06-15,2025-02-12,False
CUMMINSIND.NS,CUMMINSIND,OK,110,53,53,28,2018-03-31,2024-12-31,2018-05-25,2025-02-06,False
DABUR.NS,DABUR,OK,168,56,56,28,2018-03-31,2024-12-31,2018-06-21,2025-01-30,False
DALBHARAT.NS,DALBHARAT,OK,50,50,50,25,2018-12-31,2024-12-31,2019-03-06,2025-01-21,False
DEEPAKNTR.NS,DEEPAKNTR,OK,87,53,53,29,2017-03-31,2024-12-31,2018-06-15,2025-02-13,False
DLF.NS,DLF,OK,144,53,53,27,2017-03-31,2024-12-31,2018-05-26,2025-01-24,False
EDELWEISS.NS,EDELWEISS,OK,136,53,53,27,2018-03-31,2024-12-31,2018-08-06,2025-02-07,False
EMAMILTD.NS,EMAMILTD,OK,146,51,51,25,2018-03-31,2024-12-31,2018-05-26,2025-01-27,False
ENDURANCE.NS,ENDURANCE,OK,74,56,56,28,2018-03-31,2024-12-31,2018-05-26,2025-02-12,False
ESCORTS.NS,ESCORTS,OK,99,49,49,27,2018-03-31,2024-12-31,2018-07-02,2025-02-11,False
EXIDEIND.NS,EXIDEIND,OK,106,46,46,26,2018-03-31,2024-12-31,2018-06-15,2025-01-28,False
FEDERALBNK.NS,FEDERALBNK,OK,99,44,44,24,2018-03-31,2024-12-31,2018-06-21,2025-01-28,False
GAIL.NS,GAIL,OK,111,54,54,28,2018-03-31,2024-12-31,2018-08-01,2025-01-31,False
GLENMARK.NS,GLENMARK,OK,151,54,54,27,2018-03-31,2024-12-31,2018-06-29,2025-02-14,False
GODREJCP.NS,GODREJCP,OK,164,53,53,27,2018-03-31,2024-12-31,2018-06-18,2025-01-24,False
GODREJPROP.NS,GODREJPROP,OK,128,53,53,27,2018-03-31,2024-12-31,2018-05-26,2025-02-04,False
GRANULES.NS,GRANULES,OK,145,52,52,26,2018-03-31,2024-12-31,2018-05-28,2025-01-24,False
HAVELLS.NS,HAVELLS,OK,113,49,49,27,2018-03-31,2024-12-31,2018-06-18,2025-01-17,False
HINDPETRO.NS,HINDPETRO,OK,108,51,51,28,2018-03-31,2024-12-31,2018-05-25,2025-01-23,False
ICICIGI.NS,ICICIGI,INSUFFICIENT_DATA,0,0,0,0,,,,,True
ICICIPRULI.NS,ICICIPRULI,INSUFFICIENT_DATA,0,0,0,0,,,,,True
IDEA.NS,IDEA,OK,146,47,47,24,2018-09-30,2024-12-31,2018-11-26,2025-02-11,False
IDFCFIRSTB.NS,IDFCFIRSTB,OK,59,46,46,25,2018-06-30,2024-12-31,2018-08-10,2025-01-25,False
IGL.NS,IGL,OK,107,51,51,28,2018-03-31,2024-12-31,2018-05-30,2025-01-28,False
INDIGO.NS,INDIGO,OK,63,50,50,28,2018-03-31,2024-12-31,2018-05-26,2025-01-24,False
INDUSTOWER.NS,INDUSTOWER,OK,105,51,51,26,2018-09-30,2024-12-31,2018-10-29,2025-01-24,False
JINDALSTEL.NS,JINDALSTEL,OK,147,54,54,27,2018-03-31,2024-12-31,2018-06-08,2025-01-31,False
JUBLFOOD.NS,JUBLFOOD,OK,89,49,49,27,2018-03-31,2024-12-31,2018-06-08,2025-02-12,False
LICHSGFIN.NS,LICHSGFIN,OK,105,44,44,22,2018-12-31,2024-12-31,2019-02-06,2025-01-31,False
LUPIN.NS,LUPIN,OK,163,56,56,28,2018-03-31,2024-12-31,2018-05-26,2025-02-12,False
MARICO.NS,MARICO,OK,168,56,56,28,2018-03-31,2024-12-31,2018-05-25,2025-01-31,False
MAXHEALTH.NS,MAXHEALTH,OK,36,36,36,18,2020-09-30,2024-12-31,2020-11-12,2025-01-30,False
MFSL.NS,MFSL,OK,98,40,40,21,2018-03-31,2024-12-31,2018-06-21,2025-02-04,False
MOTHERSON.NS,MOTHERSON,OK,168,57,57,28,2018-03-31,2024-12-31,2018-07-30,2025-02-14,False
MPHASIS.NS,MPHASIS,OK,158,55,55,28,2018-03-31,2024-12-31,2018-06-18,2025-01-24,False
MRF.NS,MRF,OK,98,51,51,28,2018-03-31,2024-12-31,2018-05-26,2025-02-07,False
MUTHOOTFIN.NS,MUTHOOTFIN,OK,78,44,44,24,2018-03-31,2024-12-31,2018-05-25,2025-02-13,False
NAUKRI.NS,NAUKRI,OK,99,47,47,26,2018-03-31,2024-12-31,2018-06-22,2025-02-05,False
NAVINFLUOR.NS,NAVINFLUOR,OK,97,52,52,29,2017-03-31,2024-12-31,2018-06-18,2025-01-31,False
NBCC.NS,NBCC,OK,104,54,54,28,2018-03-31,2024-12-31,2018-06-20,2025-02-12,False
NMDC.NS,NMDC,OK,95,51,51,28,2018-03-31,2024-12-31,2018-06-22,2025-02-06,False
OBEROIRLTY.NS,OBEROIRLTY,OK,124,51,51,26,2018-06-30,2024-12-31,2018-08-08,2025-01-21,False
PAGEIND.NS,PAGEIND,OK,78,29,29,27,2018-03-31,2024-12-31,2018-06-25,2025-02-05,False
PERSISTENT.NS,PERSISTENT,OK,121,51,51,26,2018-06-30,2024-12-31,2018-08-02,2025-01-22,False
PETRONET.NS,PETRONET,OK,108,50,50,27,2018-03-31,2024-12-31,2018-05-26,2025-01-28,False
PFC.NS,PFC,OK,95,41,41,22,2018-12-31,2024-12-31,2019-02-19,2025-02-12,False
PIDILITIND.NS,PIDILITIND,OK,149,56,56,28,2018-03-31,2024-12-31,2018-06-25,2025-01-23,False
PIIND.NS,PIIND,OK,86,54,54,28,2018-03-31,2024-12-31,2018-05-26,2025-02-07,False
PNB.NS,PNB,OK,104,50,50,27,2018-03-31,2024-12-31,2018-06-29,2025-01-31,False
POLYCAB.NS,POLYCAB,OK,47,47,47,24,2019-03-31,2024-12-31,2019-05-15,2025-01-22,False
PVRINOX.NS,PVRINOX,OK,140,52,52,26,2018-03-31,2024-12-31,2018-05-26,2025-02-06,False
RAMCOCEM.NS,RAMCOCEM,OK,112,52,52,28,2018-03-31,2024-12-31,2018-06-01,2025-02-06,False
RBLBANK.NS,RBLBANK,OK,56,46,46,25,2018-06-30,2024-12-31,2018-08-08,2025-01-18,False
RECLTD.NS,RECLTD,OK,92,45,45,25,2018-03-31,2024-12-31,2018-06-22,2025-02-06,False
SAIL.NS,SAIL,OK,105,46,46,25,2018-03-31,2024-12-31,2018-06-25,2025-02-12,False
SHREECEM.NS,SHREECEM,OK,106,49,49,27,2018-06-30,2024-12-31,2018-08-03,2025-01-30,False
SIEMENS.NS,SIEMENS,OK,102,49,49,27,2018-03-31,2024-12-31,2018-05-26,2025-02-12,False
SRF.NS,SRF,OK,122,50,50,25,2018-03-31,2024-12-31,2018-06-20,2025-01-29,False
SYNGENE.NS,SYNGENE,OK,69,51,51,26,2018-06-30,2024-12-31,2018-08-07,2025-01-23,False
TATACHEM.NS,TATACHEM,OK,148,54,54,27,2018-03-31,2024-12-31,2018-06-21,2025-02-03,False
TATACOMM.NS,TATACOMM,OK,142,54,54,27,2018-03-31,2024-12-31,2018-06-18,2025-01-22,False
TATAPOWER.NS,TATAPOWER,OK,142,53,53,27,2018-03-31,2024-12-31,2018-05-26,2025-02-04,False
TORNTPHARM.NS,TORNTPHARM,OK,163,55,55,28,2018-03-31,2024-12-31,2018-07-02,2025-01-24,False
TORNTPOWER.NS,TORNTPOWER,OK,145,56,56,28,2018-03-31,2024-12-31,2018-07-04,2025-02-04,False
TRENT.NS,TRENT,OK,103,51,51,28,2018-03-31,2024-12-31,2018-05-26,2025-02-06,False
TVSMOTOR.NS,TVSMOTOR,OK,105,51,51,28,2018-03-31,2024-12-31,2018-05-25,2025-01-28,False
UBL.NS,UBL,OK,93,48,48,28,2018-03-31,2024-12-31,2018-06-22,2025-02-14,False
UNIONBANK.NS,UNIONBANK,OK,102,49,49,27,2018-03-31,2024-12-31,2018-08-09,2025-01-28,False
VBL.NS,VBL,OK,74,54,54,26,2018-06-30,2024-12-31,2018-08-28,2025-02-10,False
VEDL.NS,VEDL,OK,156,56,56,28,2018-03-31,2024-12-31,2018-05-25,2025-01-31,False
VOLTAS.NS,VOLTAS,OK,145,56,56,28,2018-03-31,2024-12-31,2018-06-21,2025-01-29,False
WHIRLPOOL.NS,WHIRLPOOL,OK,87,51,51,28,2018-03-31,2024-12-31,2018-06-21,2025-02-04,False
ZYDUSLIFE.NS,ZYDUSLIFE,OK,168,56,56,28,2018-03-31,2024-12-31,2018-06-25,2025-02-05,False
