timestamps,split,p_xgb,p_lstm,p_avg,actual_up,fwd_ret,close,sma_200,above_sma200
2023-11-15,val,0.6256267,0.49388388,0.55975527,1,0.01758324928692301,369.6700134277344,312.59845054626464,1
2023-11-16,val,0.43462652,0.49461657,0.46462154,0,-0.016800933350932468,376.1700134277344,313.2155506134033,1
2023-11-17,val,0.6915746,0.4965137,0.59404415,1,0.020521822935339662,369.8500061035156,313.7418006134033,1
2023-11-20,val,0.65583324,0.4977058,0.57676953,0,-0.0115779861406341,377.4400024414063,314.33725059509277,1
2023-11-21,val,0.59309995,0.50298244,0.5480412,1,0.012812605370183805,373.0700073242188,314.9187506866455,1
2023-11-22,val,0.55860555,0.5051837,0.5318946,0,-0.0011115877225081894,377.8500061035156,315.4702007293701,1
2023-11-24,val,0.41987538,0.50929785,0.46458662,1,0.0031263882009366917,377.4299926757813,316.0237006378174,1
2023-11-27,val,0.53067064,0.5060981,0.51838434,1,0.010802744284916121,378.6099853515625,316.59865058898924,1
2023-11-28,val,0.33065593,0.50815177,0.41940385,0,-0.010060114922162411,382.7000122070313,317.19665061950684,1
2023-11-29,val,0.502719,0.5094152,0.5060671,1,0.00015836757985265848,378.8500061035156,317.7343006134033,1
2023-11-30,val,0.45279363,0.51216954,0.4824816,0,-0.01161223998827976,378.9100036621094,318.2680005645752,1
2023-12-01,val,0.6596112,0.51805985,0.58883554,0,-0.014338722536543558,374.510009765625,318.7939505767822,1
2023-12-04,val,0.5636266,0.5254136,0.5445201,1,0.009156347811421606,369.1400146484375,319.328900680542,1
2023-12-05,val,0.30156136,0.5301507,0.41585603,0,-0.009986044589318732,372.5199890136719,319.9012006378174,1
2023-12-06,val,0.53537923,0.53308827,0.53423375,1,0.005829784395951387,368.7999877929688,320.4818505859375,1
2023-12-07,val,0.4558142,0.5345972,0.4952057,1,0.008842158434722469,370.9500122070313,321.07905067443846,1
2023-12-08,val,0.323326,0.5339131,0.42861953,0,-0.007829471467659443,374.2300109863281,321.6763507080078,1
2023-12-11,val,0.46173075,0.5349371,0.49833393,1,0.008295225400225537,371.2999877929688,322.2867506408691,1
2023-12-12,val,0.37040114,0.53411025,0.4522557,0,-2.6736913014691055e-05,374.3800048828125,322.90785064697263,1
2023-12-13,val,0.5024144,0.5342918,0.5183531,0,-0.022544548311795753,374.3699951171875,323.5326006317139,1
2023-12-14,val,0.5025772,0.5347446,0.5186609,1,0.013117313165416533,365.9299926757813,324.13090057373046,1
2023-12-15,val,0.3390082,0.53369015,0.43634918,1,0.005178924967655485,370.7300109863281,324.72900062561035,1
2023-12-18,val,0.28575015,0.53075534,0.40825275,1,0.0016369673396803286,372.6499938964844,325.3158006286621,1
2023-12-19,val,0.47834697,0.5321017,0.50522435,0,-0.007072856934487004,373.260009765625,325.8977507019043,1
2023-12-20,val,0.59938836,0.53228855,0.56583846,1,0.007878726097363176,370.6199951171875,326.4801007080078,1
2023-12-21,val,0.5925159,0.53099716,0.5617565,1,0.0027841141606086417,373.5400085449219,327.0793007659912,1
2023-12-22,val,0.5804251,0.53083664,0.55563086,1,0.00021361816624532182,374.5799865722656,327.6906006622314,1
2023-12-26,val,0.44974974,0.52967554,0.48971266,0,-0.0015747513268661306,374.6600036621094,328.3209506988525,1
2023-12-27,val,0.5907092,0.5294184,0.56006384,1,0.0032346657881858754,374.0700073242188,328.9217007446289,1
2023-12-28,val,0.44224912,0.52698416,0.48461664,1,0.0020251805800926004,375.2799987792969,329.4941506958008,1
2023-12-29,val,0.53255457,0.5233828,0.52796865,0,-0.013748572785485358,376.0400085449219,330.04715072631836,1
2024-01-02,val,0.62184626,0.5271266,0.57448643,0,-0.0007279882903079571,370.8699951171875,330.52050064086916,1
2024-01-03,val,0.72161496,0.5282264,0.62492067,0,-0.007177559682409518,370.6000061035156,330.9763507080078,1
2024-01-04,val,0.7459992,0.5296082,0.6378037,0,-0.0005163951735217553,367.9400024414063,331.4549006652832,1
2024-01-05,val,0.6499035,0.5310745,0.59048903,1,0.018871522614293257,367.75,331.92475067138673,1
2024-01-08,val,0.50292706,0.5318357,0.51738137,1,0.0029357764988340307,374.6900024414063,332.43675064086915,1
2024-01-09,val,0.49570572,0.5303839,0.51304483,1,0.018574151281394835,375.7900085449219,332.9274006652832,1
2024-01-10,val,0.5208631,0.523479,0.522171,1,0.0048593565914965,382.7699890136719,333.43840057373046,1
2024-01-11,val,0.51445484,0.5165133,0.5154841,1,0.00998361097455347,384.6300048828125,333.97965057373045,1
2024-01-12,val,0.29647473,0.5108293,0.403652,1,0.004633530999337276,388.4700012207031,334.54585052490233,1
2024-01-16,val,0.36681396,0.50660616,0.43671006,0,-0.0020498316946956363,390.2699890136719,335.0946504211426,1
2024-01-17,val,0.41848984,0.50539064,0.46194023,1,0.011297388457887969,389.4700012207031,335.62175048828124,1
2024-01-18,val,0.20202889,0.50311166,0.35257027,1,0.012186808769524937,393.8699951171875,336.1496005249023,1
2024-01-19,val,0.40765885,0.5000305,0.45384467,0,-0.00541802390287105,398.6700134277344,336.70680053710936,1
2024-01-22,val,0.43004158,0.50023407,0.46513784,1,0.006027550558615369,396.510009765625,337.2534506225586,1
2024-01-23,val,0.25670418,0.50106686,0.3788855,1,0.009175241208600138,398.8999938964844,337.82625061035156,1
2024-01-24,val,0.3621253,0.49940982,0.43076757,1,0.005738269009845087,402.55999755859375,338.38105056762697,1
2024-01-25,val,0.33402768,0.4991788,0.41660324,0,-0.002321738960018749,404.8699951171875,338.9584504699707,1
2024-01-26,val,0.33098972,0.5007103,0.41585,1,0.01433418822545618,403.9299926757813,339.56395050048826,1
2024-01-29,val,0.39881343,0.49997616,0.4493948,0,-0.0027579929694567795,409.7200012207031,340.1951005554199,1
2024-01-30,val,0.60502505,0.5005824,0.55280375,0,-0.026946351756786724,408.5899963378906,340.7888505554199,1
2024-01-31,val,0.75917614,0.50776404,0.63347006,1,0.015594377022054351,397.5799865722656,341.3460504150391,1
2024-02-01,val,0.65945464,0.5129807,0.58621764,1,0.018425881578826964,403.7799987792969,341.9209504699707,1
2024-02-02,val,0.6527111,0.5136831,0.5831971,0,-0.013545078808628541,411.2200012207031,342.53520050048826,1
2024-02-05,val,0.7027606,0.51633704,0.6095488,0,-0.00039443772837877145,405.6499938964844,343.1212004089355,1
2024-02-06,val,0.6824394,0.5193381,0.6008887,1,0.02111025614626416,405.489990234375,343.7181004333496,1
2024-02-07,val,0.71391857,0.5152579,0.61458826,1,0.00014490414288736986,414.0499877929688,344.3595503234863,1
2024-02-08,val,0.62496614,0.51409996,0.56953305,1,0.015551429980465326,414.1099853515625,345.0212503051758,1
2024-02-09,val,0.4221895,0.51245594,0.4673227,0,-0.01257871401948063,420.5499877929688,345.746900177002,1
2024-02-12,val,0.68552965,0.5119639,0.5987468,0,-0.02152868619940551,415.260009765625,346.34635025024414,1
2024-02-13,val,0.38147432,0.51654655,0.44901043,1,0.0078016904238404905,406.3200073242188,346.8538003540039,1
2024-02-14,val,0.56146955,0.5204709,0.5409702,0,-0.0071552241706915876,409.489990234375,347.36495025634764,1
2024-02-15,val,0.6395842,0.5247801,0.58218217,0,-0.0061491539133524675,406.55999755859375,347.86995025634764,1
2024-02-16,val,0.40464714,0.5296677,0.46715742,0,-0.003143070388915925,404.05999755859375,348.3632002258301,1
2024-02-20,val,0.4449478,0.5321765,0.48856217,0,-0.0015144761692184039,402.7900085449219,348.85515029907225,1
2024-02-21,val,0.38010642,0.5336379,0.45687217,1,0.023546674109016008,402.1799926757813,349.3390002441406,1
2024-02-22,val,0.576199,0.5334427,0.55482084,0,-0.003182309189887045,411.6499938964844,349.8440002441406,1
2024-02-23,val,0.46607915,0.5329488,0.49951398,0,-0.006823580001845908,410.3399963378906,350.35245025634765,1
2024-02-26,val,0.54602337,0.53219527,0.53910935,0,-0.00014721881860868535,407.5400085449219,350.85515029907225,1
2024-02-27,val,0.54951,0.5315891,0.5405495,1,0.0005889619807217805,407.4800109863281,351.33100036621096,1
2024-02-28,val,0.516857,0.5312083,0.52403265,1,0.014519801358800155,407.7200012207031,351.8190504455566,1
2024-02-29,val,0.40250096,0.5271044,0.46480268,1,0.004496628192858232,413.6400146484375,352.3424005126953,1
2024-03-01,val,0.4094335,0.52508885,0.4672612,0,-0.001395876226872761,415.5,352.8726005554199,1
2024-03-04,val,0.5079151,0.52112144,0.51451826,0,-0.02957201179544222,414.9200134277344,353.38850067138674,1
2024-03-05,val,0.6094952,0.5248004,0.56714785,0,-0.00139078000020465,402.6499938964844,353.83175064086913,1
2024-03-06,val,0.5310075,0.5280398,0.5295237,1,0.017533433745569926,402.0899963378906,354.2496006774902,1
2024-03-07,val,0.537946,0.53091294,0.53442943,0,-0.007136953911104138,409.1400146484375,354.70360076904296,1
2024-03-08,val,0.44367108,0.5316853,0.48767817,0,-0.004184954462908452,406.2200012207031,355.1288008117676,1
2024-03-11,val,0.6114113,0.53161937,0.5715153,1,0.02659945134444608,404.5199890136719,355.5751007080078,1
2024-03-12,val,0.70151407,0.52885485,0.6151844,0,-0.00043342486108244316,415.2799987792969,356.0822506713867,1
2024-03-13,val,0.591175,0.5260565,0.5586158,1,0.024379655428537372,415.1000061035156,356.5281506347656,1
2024-03-14,val,0.72352123,0.51716816,0.6203447,0,-0.020695140792310163,425.2200012207031,356.98980056762696,1
2024-03-15,val,0.6738679,0.5165984,0.59523314,1,0.00216126475064482,416.4200134277344,357.41585067749025,1
2024-03-18,val,0.5104176,0.51678234,0.5136,1,0.009800623660760621,417.3200073242188,357.86050064086913,1
2024-03-19,val,0.32972187,0.5139044,0.42181313,1,0.009064823547192402,421.4100036621094,358.30465072631836,1
2024-03-20,val,0.57671463,0.5110016,0.5438581,1,0.00973587005596488,425.2300109863281,358.7538008117676,1
2024-03-21,val,0.4510922,0.5083504,0.4797213,0,-0.0014672773830890495,429.3699951171875,359.2209507751465,1
2024-03-22,val,0.54459924,0.5047914,0.5246953,0,-0.01371461728960277,428.739990234375,359.6962507629394,1
2024-03-25,val,0.41995266,0.50497127,0.46246195,0,-0.0028614470439243256,422.8599853515625,360.1936506652832,1
2024-03-26,val,0.53205115,0.5091099,0.52058053,0,-0.0005217626559650412,421.6499938964844,360.6756005859375,1
2024-03-27,val,0.5125084,0.5130978,0.5128031,0,-0.001684719804991186,421.4299926757813,361.1488005065918,1
2024-03-28,val,0.57902634,0.5178272,0.54842675,1,0.00915099375438544,420.7200012207031,361.59315048217775,1
2024-04-01,val,0.46204042,0.5194856,0.490763,0,-0.007372176151911547,424.5700073242188,362.0445504760742,1
2024-04-02,val,0.6587273,0.520538,0.58963263,0,-0.0023490656526194975,421.4400024414063,362.4650505065918,1
2024-04-03,val,0.66205853,0.5236377,0.5928481,0,-0.00611251575598315,420.4500122070313,362.82680053710936,1
2024-04-04,val,0.6420451,0.525692,0.5838685,1,0.018282722412147567,417.8800048828125,363.2045506286621,1
2024-04-05,val,0.5654596,0.5271217,0.54629064,0,-0.0021855440397451353,425.5199890136719,363.64190063476565,1
2024-04-08,val,0.6172245,0.52741075,0.5723176,1,0.003980316201471101,424.5899963378906,364.0970506286621,1
2024-04-09,val,0.56586003,0.5251712,0.54551566,0,-0.0070845196169653235,426.2799987792969,364.5299006652832,1
2024-04-10,val,0.64368963,0.5249526,0.58432114,1,0.011033366730635041,423.260009765625,364.97110076904295,1
2024-04-11,val,0.62246203,0.5222877,0.5723749,0,-0.01409108705279638,427.9299926757813,365.4677507019043,1
2024-04-12,val,0.6822951,0.52516353,0.6037293,0,-0.01957805017194081,421.8999938964844,365.90440063476564,1
2024-04-15,val,0.6792897,0.5266515,0.6029706,1,0.002272439538101745,413.6400146484375,366.29335067749025,1
2024-04-16,val,0.4830845,0.529086,0.5060853,0,-0.0066090750232039586,414.5799865722656,366.69100067138675,1
2024-04-17,val,0.48394787,0.5315915,0.5077697,0,-0.018380942578505644,411.8399963378906,367.04750061035156,1
2024-04-18,val,0.7980231,0.53308123,0.66555214,0,-0.012738996305536321,404.2699890136719,367.37890060424803,1
2024-04-19,val,0.8326781,0.535038,0.68385804,1,0.004610133194029364,399.1199951171875,367.6837506103516,1
2024-04-22,val,0.80083823,0.53541243,0.66812533,1,0.016485474885294726,400.9599914550781,367.9822006225586,1
2024-04-23,val,0.51996326,0.53355896,0.5267611,1,0.003655789698945311,407.5700073242188,368.33395065307616,1
2024-04-24,val,0.52502066,0.53318125,0.52910095,0,-0.024495157369272214,409.05999755859375,368.7201007080078,1
2024-04-25,val,0.68727773,0.53551334,0.61139554,1,0.01824378163443585,399.0400085449219,369.0529507446289,1
2024-04-26,val,0.4152786,0.5313703,0.47332445,0,-0.010016753423050528,406.3200073242188,369.39855072021487,1
2024-04-29,val,0.48612386,0.53008986,0.5081068,0,-0.03211936215720168,402.25,369.6965007019043,1
2024-04-30,val,0.5836736,0.53213936,0.5579065,1,0.01440941120033501,389.3299865722656,369.91695068359377,1
2024-05-01,val,0.42709586,0.5287552,0.47792554,1,0.0073428720275419135,394.9400024414063,370.16300064086914,1
2024-05-02,val,0.26346642,0.5279559,0.39571115,1,0.022169735082964825,397.8399963378906,370.35475067138674,1
2024-05-03,val,0.70831186,0.52651924,0.61741555,1,0.016918321990989416,406.6600036621094,370.61265075683593,1
2024-05-06,val,0.5818945,0.5246427,0.5532686,0,-0.010156241524996279,413.5400085449219,370.9460008239746,1
2024-05-07,val,0.45204705,0.5206291,0.48633808,1,0.0029315781935970175,409.3399963378906,371.2738508605957,1
2024-05-08,val,0.48757908,0.51902103,0.5033001,1,0.004335749847148351,410.5400085449219,371.6010009765625,1
2024-05-09,val,0.49843457,0.51339453,0.50591457,1,0.005869186231977519,412.3200073242188,371.90770095825195,1
2024-05-10,val,0.5309683,0.5102762,0.52062225,0,-0.0024593457049932876,414.739990234375,372.2925509643555,1
2024-05-13,val,0.56362474,0.5083852,0.53600496,1,0.0068645371978899306,413.7200012207031,372.70755096435545,1
2024-05-14,val,0.50869876,0.5043496,0.5065242,1,0.01565198063156492,416.55999755859375,373.0985009765625,1
2024-05-15,val,0.78062487,0.50055754,0.6405912,0,-0.004939955573941224,423.0799865722656,373.5343008422852,1
2024-05-16,val,0.53034675,0.5002024,0.5152746,0,-0.0018527727437477326,420.989990234375,373.9575508117676,1
2024-05-17,val,0.5460253,0.50139844,0.52371186,1,0.012208193491660246,420.2099914550781,374.421100769043,1
2024-05-20,val,0.43339026,0.501166,0.46727812,1,0.008698951988733272,425.3399963378906,374.91450073242186,1
2024-05-21,val,0.5177795,0.4991756,0.50847757,1,0.00344951622057188,429.0400085449219,375.42080078125,1
2024-05-22,val,0.38466755,0.4987634,0.44171548,0,-0.008176133753362347,430.5199890136719,375.92285079956054,1
2024-05-23,val,0.5228732,0.49964607,0.5112597,1,0.007400476960443436,427.0,376.4276008605957,1
2024-05-24,val,0.5563759,0.5008661,0.528621,1,0.00037196313173537554,430.1600036621094,376.9672508239746,1
2024-05-28,val,0.56259656,0.5003787,0.53148764,0,-0.0026724155905165636,430.3200073242188,377.5042008972168,1
2024-05-29,val,0.60557544,0.5036833,0.5546294,0,-0.03378614429323723,429.1700134277344,378.04500091552734,1
2024-05-30,val,0.55017686,0.5133311,0.531754,1,0.0011092951990325783,414.6700134277344,378.4981509399414,1
2024-05-31,val,0.51041585,0.5200774,0.5152466,0,-0.003878341363436566,415.1300048828125,378.96450103759764,1
2024-06-03,val,0.64213365,0.5281893,0.58516145,1,0.006166614379704338,413.5199890136719,379.4301010131836,1
2024-06-04,val,0.33126354,0.530497,0.43088028,1,0.019083332856576263,416.0700073242188,379.9260510253906,1
2024-06-05,val,0.62868804,0.53030163,0.57949483,1,0.0012027528508791185,424.010009765625,380.4637010192871,1
2024-06-06,val,0.5616363,0.5280428,0.54483956,0,-0.0015782128698177411,424.5199890136719,380.9769009399414,1
2024-06-07,val,0.6409926,0.5274494,0.584221,1,0.009484461379694054,423.8500061035156,381.4838510131836,1
2024-06-10,val,0.41561562,0.5241497,0.46988267,1,0.01124172672420376,427.8699951171875,381.9882009887695,1
2024-06-11,val,0.4534564,0.5193286,0.4863925,1,0.019367673626387916,432.6799926757813,382.55175094604493,1
2024-06-12,val,0.59735733,0.51182,0.5545887,1,0.0011789530144428184,441.05999755859375,383.14215087890625,1
2024-06-13,val,0.27047965,0.5078279,0.38915378,1,0.002241996426600279,441.5799865722656,383.7315507507324,1
2024-06-14,val,0.296564,0.50354296,0.4000535,1,0.013105243683446677,442.5700073242188,384.30235076904296,1
2024-06-17,val,0.5298445,0.49899685,0.5144207,0,-0.004527508087971643,448.3699951171875,384.90025070190427,1
2024-06-18,val,0.4841778,0.4986229,0.49140036,0,-0.0014338489405166799,446.3399963378906,385.49315063476564,1
2024-06-20,val,0.3774521,0.49899447,0.4382233,1,0.009154109177745173,445.7000122070313,386.0783506774902,1
2024-06-21,val,0.40465346,0.49865034,0.4516519,0,-0.004691149800544747,449.7799987792969,386.65950073242186,1
2024-06-24,val,0.43625614,0.5019546,0.46910536,1,0.007326822616914974,447.6700134277344,387.2334507751465,1
2024-06-25,val,0.36283308,0.5023718,0.43260244,1,0.002683205282900669,450.9500122070313,387.8386508178711,1
2024-06-26,val,0.36944538,0.50237304,0.4359092,1,0.0015260138796395761,452.1600036621094,388.4281008911133,1
2024-06-27,val,0.5136088,0.5031501,0.50837946,0,-0.013028583011955752,452.8500061035156,389.00265090942383,1
2024-06-28,val,0.5238939,0.50784194,0.51586795,1,0.021881638913048285,446.9500122070313,389.57855102539065,1
2024-07-01,val,0.5058701,0.51069933,0.5082847,1,0.005583140436648648,456.7300109863281,390.1819010925293,1
2024-07-02,val,0.39582363,0.5114879,0.45365578,1,0.003244187071797633,459.2799987792969,390.7848010253906,1
2024-07-03,val,0.33921173,0.51172775,0.42546976,1,0.014736221339971767,460.7699890136719,391.43755096435547,1
2024-07-05,val,0.48492736,0.5083817,0.49665454,0,-0.0028231827596699732,467.55999755859375,392.13005096435546,1
2024-07-08,val,0.40100348,0.50740653,0.454205,0,-0.014370242428336288,466.239990234375,392.81800094604495,1
2024-07-09,val,0.57766384,0.50942993,0.5435469,1,0.014601539213798809,459.5400085449219,393.5118510437012,1
2024-07-10,val,0.33457297,0.510754,0.42266348,0,-0.024772091781166128,466.25,394.2454510498047,1
2024-07-11,val,0.7035426,0.5169727,0.6102576,0,-0.0025291937171509904,454.7000122070313,394.9339010620117,1
2024-07-12,val,0.47697613,0.52461195,0.50079405,1,0.0009039878142307334,453.5499877929688,395.61395095825196,1
2024-07-15,val,0.5460694,0.5284766,0.537273,0,-0.009780602971585006,453.9599914550781,396.32305084228517,1
2024-07-16,val,0.54352856,0.53168976,0.53760916,0,-0.01334757106834128,449.5199890136719,397.0067007446289,1
2024-07-17,val,0.8290308,0.53433406,0.68168247,0,-0.007102259141666956,443.5199890136719,397.6561006164551,1
2024-07-18,val,0.7882116,0.53605074,0.6621312,0,-0.007402888030001886,440.3699951171875,398.27920059204104,1
2024-07-19,val,0.7454904,0.5375012,0.6414958,1,0.013337643351146067,437.1099853515625,398.85575057983397,1
2024-07-22,val,0.60690016,0.5358543,0.5713772,1,0.0043121046904359694,442.9400024414063,399.50350051879883,1
2024-07-23,val,0.4676393,0.53527313,0.5014562,0,-0.035854809459797354,444.8500061035156,400.132950592041,1
2024-07-24,val,0.7649351,0.53778845,0.65136176,0,-0.024481231404573478,428.8999938964844,400.68065063476564,1
2024-07-25,val,0.8982808,0.5363811,0.71733093,1,0.016419682641982014,418.3999938964844,401.13635055541994,1
2024-07-26,val,0.63269746,0.53350043,0.58309895,1,0.0034331648373364665,425.2699890136719,401.6136004638672,1
2024-07-29,val,0.90709436,0.5316251,0.71935976,0,-0.00892835624517585,426.7300109863281,402.1053004455566,1
2024-07-30,val,0.69995755,0.53405225,0.6170049,0,-0.010805843136103221,422.9200134277344,402.55780044555667,1
2024-07-31,val,0.71007335,0.53417796,0.6221256,0,-0.002964074898677782,418.3500061035156,402.99375045776367,1
2024-08-01,val,0.6488235,0.5327322,0.5907779,0,-0.020666000383381178,417.1099853515625,403.44065032958986,1
2024-08-02,val,0.8110369,0.53356624,0.67230153,0,-0.03265685000074703,408.489990234375,403.81990020751954,1
2024-08-05,val,0.7540793,0.5337476,0.64391345,1,0.011286831643597228,395.1499938964844,404.13535018920896,0
2024-08-06,val,0.86217463,0.53054756,0.69636106,0,-0.002952860836905935,399.6099853515625,404.482850189209,0
2024-08-07,val,0.7503868,0.5301636,0.6402752,1,0.010691990673231233,398.4299926757813,404.8184001159668,0
2024-08-08,val,0.7102279,0.52939796,0.61981297,1,0.008269354968031717,402.6900024414063,405.19850006103513,0
2024-08-09,val,0.56418234,0.52889866,0.5465405,1,0.0019457380579734895,406.0199890136719,405.5819999694824,1
2024-08-12,val,0.5321574,0.53001183,0.53108466,1,0.017698710086381908,406.80999755859375,405.9633999633789,1
2024-08-13,val,0.6406064,0.52830356,0.584455,1,0.00688383256132119,414.010009765625,406.33009994506835,1
2024-08-14,val,0.47341067,0.52454805,0.49897936,1,0.010003391004818063,416.8599853515625,406.774949798584,1
2024-08-15,val,0.48575386,0.5178945,0.5018242,0,-0.006080321036543768,421.0299987792969,407.2310498046875,1
2024-08-16,val,0.49161866,0.5132965,0.50245756,1,0.007312346284482851,418.4700012207031,407.63684982299804,1
2024-08-19,val,0.54013497,0.50865084,0.5243929,1,0.007757428944894729,421.5299987792969,408.0539498901367,1
2024-08-20,val,0.47163486,0.5030473,0.48734108,0,-0.0015536091419403597,424.7999877929688,408.44759979248045,1
2024-08-21,val,0.4155186,0.5013618,0.45844018,0,-0.02025280935256446,424.1400146484375,408.8266998291016,1
2024-08-22,val,0.6449042,0.50503445,0.5749693,1,0.0029840471384416922,415.5499877929688,409.14044982910156,1
2024-08-23,val,0.63943905,0.5079318,0.5736854,0,-0.007917700143695305,416.7900085449219,409.4417498779297,1
2024-08-26,val,0.65047604,0.5124888,0.5814824,1,0.0008464681413864472,413.489990234375,409.70654983520507,1
2024-08-27,val,0.5948326,0.51562274,0.55522764,0,-0.007829089172254888,413.8399963378906,409.9597497558594,1
2024-08-28,val,0.6798244,0.51923347,0.5995289,1,0.006137333113035881,410.6000061035156,410.20929977416995,1
2024-08-29,val,0.5230314,0.5202525,0.52164197,1,0.00973087620731028,413.1199951171875,410.4265496826172,1
2024-08-30,val,0.64595366,0.5187962,0.58237493,0,-0.018459059156721525,417.1400146484375,410.6788497924805,1
2024-09-03,val,0.68206865,0.5227826,0.60242563,0,-0.0013188954222889127,409.4400024414063,410.8746998596191,0
2024-09-04,val,0.687889,0.5249085,0.6063987,0,-0.001247197984003856,408.8999938964844,411.0708497619629,0
2024-09-05,val,0.5765793,0.52523667,0.55090797,0,-0.016381405522770343,408.3900146484375,411.2319497680664,0
2024-09-06,val,0.69120914,0.5252517,0.6082304,1,0.01000744060620029,401.7000122070313,411.391199798584,0
2024-09-09,val,0.46572164,0.527805,0.4967633,1,0.020901141084526564,405.7200012207031,411.5325997924805,0
2024-09-10,val,0.7399873,0.5276829,0.6338351,1,0.02134233722202805,414.2000122070313,411.73824981689455,1
2024-09-11,val,0.71337163,0.5234862,0.61842895,1,0.009360796556096007,423.0400085449219,411.9641998291016,1
2024-09-12,val,0.4338266,0.51417583,0.47400123,1,0.00840748556883053,427.0,412.21204986572263,1
2024-09-13,val,0.6228101,0.50572115,0.5642656,1,0.0017417961549934802,430.5899963378906,412.4719499206543,1
2024-09-16,val,0.607922,0.5009929,0.5544574,1,0.008832933627627604,431.3399963378906,412.7151498413086,1
2024-09-17,val,0.5936475,0.4965983,0.54512286,0,-0.009973564055531292,435.1499938964844,412.99664978027346,1
2024-09-18,val,0.43627533,0.49605983,0.46616757,1,0.018291137456114326,430.80999755859375,413.2561497497559,1
2024-09-19,val,0.61366934,0.49538875,0.5545291,0,-0.007795968471360881,438.6900024414063,413.5770497131348,1
2024-09-20,val,0.65163326,0.49491784,0.57327557,0,-0.0040434196991964155,435.2699890136719,413.90769958496094,1
2024-09-23,val,0.64889187,0.5001596,0.5745257,0,-0.010011294411026439,433.510009765625,414.2126496887207,1
2024-09-24,val,0.46959618,0.5037182,0.4866572,1,0.006850366595622326,429.1700134277344,414.51449981689456,1
2024-09-25,val,0.53442895,0.50774485,0.52108693,0,-0.001851352248474103,432.1099853515625,414.8202996826172,1
2024-09-26,val,0.48659435,0.510913,0.49875367,0,-0.007627944085564442,431.30999755859375,415.1056996154785,1
2024-09-27,val,0.61021036,0.51490563,0.562558,1,0.005326851170084357,428.0199890136719,415.38929962158204,1
2024-09-30,val,0.7094731,0.51703084,0.6132519,0,-0.022333222459179236,430.2999877929688,415.6688995361328,1
2024-10-01,val,0.76674944,0.5227743,0.64476186,0,-0.008462282293218104,420.6900024414063,415.9004995727539,1
2024-10-02,val,0.72884965,0.52632225,0.62758595,0,-0.0014144183611446426,417.1300048828125,416.15649963378905,1
2024-10-03,val,0.4720065,0.5304441,0.5012253,0,-0.0011523766660612722,416.5400085449219,416.385549621582,1
2024-10-04,val,0.50178105,0.53289837,0.5173397,0,-0.015670790395449274,416.05999755859375,416.60259963989256,0
2024-10-07,val,0.7877534,0.5335711,0.6606623,1,0.012623877526703575,409.5400085449219,416.78399963378905,0
2024-10-08,val,0.6274396,0.5337359,0.58058774,1,0.006631139969285993,414.7099914550781,417.0044496154785,0
2024-10-09,val,0.45239472,0.5332627,0.49282873,0,-0.0038805996990056713,417.4599914550781,417.2240495300293,1
2024-10-10,val,0.469078,0.53359157,0.5013348,1,0.0011543165413510081,415.8399963378906,417.43034957885743,0
2024-10-11,val,0.42906755,0.53298676,0.48102716,1,0.006773653138467894,416.3200073242188,417.63864959716796,0
2024-10-14,val,0.74921197,0.5322665,0.6407392,0,-0.0009543932816771239,419.1400146484375,417.86399963378904,1
2024-10-15,val,0.5969123,0.5310737,0.563993,0,-0.0062568543207947025,418.739990234375,418.08129959106446,1
2024-10-16,val,0.68932366,0.5301049,0.60971427,1,0.0014419064465927,416.1199951171875,418.2816995239258,0
2024-10-17,val,0.61219627,0.52896786,0.57058203,1,0.003455563537118511,416.7200012207031,418.51094955444336,0
2024-10-18,val,0.58984995,0.5278021,0.558826,1,0.001482674363300518,418.1600036621094,418.74874954223634,0
2024-10-21,val,0.47654855,0.5269287,0.50173867,1,0.020846294024966072,418.7799987792969,419.0029495239258,0
2024-10-22,val,0.682968,0.52204543,0.60250676,0,-0.006806866729751504,427.510009765625,419.3017495727539,1
2024-10-23,val,0.5047251,0.5202947,0.51250994,1,0.0003061820088170464,424.6000061035156,419.55129959106443,1
2024-10-24,val,0.41284156,0.51805663,0.4654491,1,0.008052133877269885,424.7300109863281,419.79599960327147,1
2024-10-25,val,0.6504848,0.51414955,0.5823172,0,-0.0036435772061950145,428.1499938964844,420.02289962768555,1
2024-10-28,val,0.4680916,0.5137135,0.49090254,1,0.01256479503775143,426.5899963378906,420.2326995849609,1
2024-10-29,val,0.51568985,0.5113918,0.51354086,1,0.0013427168789790223,431.9500122070313,420.4500996398926,1
2024-10-30,val,0.48859936,0.50795025,0.4982748,0,-0.06052757669911324,432.5299987792969,420.6613996887207,1
2024-10-31,val,0.61785907,0.5157132,0.56678617,1,0.009892922242624058,406.3500061035156,420.7457997131348,0
2024-11-01,val,0.56880283,0.52568984,0.54724634,0,-0.004654345309929253,410.3699951171875,420.82829971313475,0
2024-11-04,val,0.40295494,0.5299907,0.4664728,1,0.007344660585515195,408.4599914550781,420.8772496032715,0
2024-11-05,val,0.3531291,0.5295989,0.441364,1,0.021192828954927023,411.4599914550781,420.9519995117187,0
2024-11-06,val,0.38620004,0.5279312,0.45706564,1,0.01249464536987377,420.1799926757813,421.0583995056152,0
2024-11-07,val,0.27364877,0.5256586,0.39965367,0,-0.006793089769441485,425.4299926757813,421.17274948120115,1
2024-11-08,val,0.37917534,0.5241528,0.4516641,0,-0.010720875390940132,422.5400085449219,421.26109954833987,1
2024-11-11,val,0.6012282,0.52227527,0.5617517,1,0.012009255511576278,418.010009765625,421.33149963378906,0
2024-11-12,val,0.2487554,0.52290106,0.38582823,1,0.005129691591604146,423.0299987792969,421.398049621582,1
2024-11-13,val,0.45120722,0.52093667,0.48607194,1,0.003974605815823207,425.2000122070313,421.48109970092776,1
2024-11-14,val,0.40028158,0.51523876,0.45776016,0,-0.027852641758860153,426.8900146484375,421.6276498413086,1
2024-11-15,val,0.7309865,0.51825166,0.62461907,1,0.0018313488328314254,415.0,421.6837498474121,0
2024-11-18,val,0.7495429,0.51971895,0.6346309,1,0.004882621540347909,415.760009765625,421.7064498901367,0
2024-11-19,val,0.48337802,0.5213698,0.50237393,0,-0.005505201808337579,417.7900085449219,421.7671499633789,0
2024-11-20,val,0.58824503,0.52387995,0.55606246,0,-0.00630579599693748,415.489990234375,421.8171499633789,0
2024-11-21,val,0.5785646,0.5262691,0.5524168,1,0.010003160635686958,412.8699951171875,421.81125,0
2024-11-22,val,0.4055619,0.52587587,0.46571887,1,0.004292586438661594,417.0,421.82570007324216,0
2024-11-25,val,0.5164824,0.5245865,0.52053446,1,0.021968006642322457,418.7900085449219,421.81690017700197,0
2024-11-26,val,0.6113457,0.52066153,0.5660036,0,-0.011682516213199046,427.989990234375,421.8805500793457,1
2024-11-27,val,0.4600498,0.5179694,0.48900962,1,0.0011111402906784917,422.989990234375,421.96389999389646,1
2024-11-29,val,0.6105469,0.5165628,0.5635549,1,0.017758512452168196,423.4599914550781,422.03375,1
2024-12-02,val,0.46393555,0.51143694,0.48768625,1,0.0005104673420925909,430.9800109863281,422.15585006713866,1
2024-12-03,val,0.49525166,0.5092096,0.50223064,1,0.014424863276016442,431.2000122070313,422.2915501403809,1
2024-12-04,val,0.5564261,0.5058946,0.53116035,1,0.011887845845700351,437.4200134277344,422.4647001647949,1
2024-12-05,val,0.4523581,0.5020956,0.47722685,1,0.00214633820774357,442.6199951171875,422.66690017700193,1
2024-12-06,val,0.5752122,0.49834964,0.5367809,1,0.005523325853865169,443.5700073242188,422.8265002441406,1
2024-12-09,val,0.41194472,0.4957688,0.45385677,0,-0.0060311253030496115,446.0199890136719,423.00490020751954,1
2024-12-10,val,0.5297054,0.49563766,0.51267153,1,0.012767021932965417,443.3299865722656,423.18385009765626,1
2024-12-11,val,0.39250356,0.49601284,0.4442582,1,0.0012695323651228385,448.989990234375,423.39139999389647,1
2024-12-12,val,0.3484947,0.49574006,0.42211738,0,-0.005093888596312213,449.55999755859375,423.60059997558596,1
2024-12-13,val,0.48082954,0.49747026,0.4891499,1,0.009658612091871577,447.2699890136719,423.7687498474121,1
2024-12-16,val,0.3716409,0.4992344,0.43543765,1,0.006355311544678388,451.5899963378906,423.9491998291016,1
2024-12-17,val,0.44342408,0.4995273,0.4714757,0,-0.037561011150808676,454.4599914550781,424.14689971923826,1
2024-12-18,val,0.60473174,0.5081874,0.55645955,0,-0.0008231003385616997,437.3900146484375,424.320599822998,1
2024-12-19,val,0.5093242,0.51720935,0.5132668,0,-0.0009838973914428895,437.0299987792969,424.49529983520506,1
2024-12-20,val,0.40418628,0.5211976,0.46269196,0,-0.0030920890623981068,436.6000061035156,424.63259979248045,1
2024-12-23,val,0.27778986,0.5303546,0.40407223,1,0.009373892182115151,435.25,424.77774978637694,1
2024-12-24,val,0.19993994,0.5298456,0.36489278,0,-0.0027769586825197035,439.3299865722656,424.9517997741699,1
2024-12-26,val,0.44191304,0.5308618,0.48638743,0,-0.01730156085390988,438.1099853515625,425.0659497070312,1
2024-12-27,val,0.44597843,0.5325606,0.4892695,0,-0.013239523896575789,430.5299987792969,425.14309967041015,1
2024-12-30,val,0.80801505,0.5339843,0.67099965,0,-0.007838398129881519,424.8299865722656,425.14114959716795,0
2024-12-31,val,0.77950305,0.53518945,0.65734625,0,-0.006927671240176458,421.5,425.1665495300293,0
2025-01-02,val,0.7988943,0.53698754,0.6679409,1,0.011395718104707964,418.5799865722656,425.1728494262695,0
2025-01-03,val,0.7685137,0.5354066,0.65196013,1,0.010629502622233833,423.3500061035156,425.18254943847654,0
2025-01-06,val,0.68825674,0.53511035,0.61168355,0,-0.012808252677697252,427.8500061035156,425.1956494140625,1
2025-01-07,val,0.83211064,0.5345737,0.68334216,1,0.005185033185888699,422.3699951171875,425.1606494140625,0
2025-01-08,val,0.35994244,0.5332968,0.44661963,0,-0.013213645618575298,424.55999755859375,425.1397494506836,0
2025-01-10,val,0.73331857,0.5350594,0.634189,0,-0.004201001824425954,418.9500122070313,425.1201995849609,0
2025-01-13,val,0.69642425,0.53368247,0.61505336,0,-0.003643397504199286,417.1900024414063,425.09789962768554,0
2025-01-14,val,0.734721,0.5336252,0.6341731,1,0.02559718956659629,415.6700134277344,425.0690997314453,0
2025-01-15,val,0.6403567,0.5312347,0.5857957,0,-0.004058105595073136,426.30999755859375,425.09704971313477,1
2025-01-16,val,0.6966441,0.53048974,0.61356694,1,0.010480974958233968,424.5799865722656,425.097099609375,0
2025-01-17,val,0.68441576,0.52855706,0.60648644,0,-0.0012353420059316722,429.0299987792969,425.13504959106444,1
2025-01-21,val,0.5835545,0.5271962,0.55537534,1,0.04130691296856792,428.5,425.1752995300293,1
2025-01-22,val,0.6590664,0.5168516,0.587959,1,0.001142938668971194,446.2000122070313,425.31689956665036,1
2025-01-23,val,0.60985225,0.50901675,0.55943453,0,-0.005932246753318604,446.7099914550781,425.42284957885744,1
2025-01-24,val,0.45222542,0.50448567,0.47835553,0,-0.021393505499775367,444.05999755859375,425.52019958496095,1
2025-01-27,val,0.7151374,0.5037127,0.60942507,1,0.02908692636103316,434.55999755859375,425.5615995788574,1
2025-01-28,val,0.8759361,0.50347847,0.6897073,0,-0.010890039136472796,447.2000122070313,425.68129959106443,1
2025-01-29,val,0.64110816,0.5030646,0.57208633,0,-0.0618090501839037,442.3299865722656,425.75329956054685,1
2025-01-30,val,0.08018924,0.5109832,0.29558623,1,0.00016869641645866906,414.989990234375,425.7187495422363,0
2025-01-31,val,0.39773133,0.5221461,0.4599387,0,-0.009974423348939943,415.05999755859375,425.7258494567871,0
2025-02-03,val,0.32522568,0.5272647,0.4262452,1,0.003528622705323947,410.9200134277344,425.70754959106443,0
2025-02-04,val,0.458819,0.5272598,0.49303943,1,0.0022310387240296325,412.3699951171875,425.71019958496095,0
2025-02-05,val,0.3452634,0.5271067,0.43618506,1,0.006121606443389105,413.2900085449219,425.7552996826172,0
2025-02-06,val,0.34511533,0.5296095,0.43736243,0,-0.01459767980689286,415.8200073242188,425.8387997436523,0
2025-02-07,val,0.29158005,0.5322367,0.4119084,1,0.00602806887297902,409.75,425.88274978637696,0
2025-02-10,val,0.30750182,0.53149676,0.41949928,0,-0.001892190522019832,412.2200012207031,425.9059997558594,0
2025-02-11,val,0.2518651,0.53118795,0.39152652,0,-0.005833156431662712,411.4400024414063,425.91789978027344,0
2025-02-12,val,0.24631222,0.53141236,0.38886228,1,0.003667122943146639,409.0400085449219,425.96789978027346,0
2025-02-13,val,0.46401486,0.53102523,0.49752003,0,-0.005139610818003071,410.5400085449219,425.98899978637695,0
2025-02-14,val,0.454493,0.5309369,0.49271494,1,0.002962617815427393,408.4299926757813,426.01989974975584,0
2025-02-18,val,0.5771905,0.5296626,0.55342656,1,0.012523128068035572,409.6400146484375,426.1214498901367,0
2025-02-19,val,0.6528321,0.5265847,0.5897084,1,0.003278964016598218,414.7699890136719,426.22059982299805,0
2025-02-20,val,0.58560205,0.52406573,0.5548339,0,-0.019032545922673227,416.1300048828125,426.31204986572266,0
2025-02-21,val,0.5599038,0.52329326,0.54159856,0,-0.01031329840818318,408.2099914550781,426.3197998046875,0
2025-02-24,val,0.4339559,0.5238617,0.4789088,0,-0.015099025008702083,404.0,426.27209976196286,0
2025-02-25,val,0.5532975,0.5265816,0.5399395,1,0.0045991885345939565,397.8999938964844,426.2148997497559,0
2025-02-26,val,0.7683032,0.5282204,0.6482618,0,-0.01801218824992734,399.7300109863281,426.1608497619629,0
2025-02-27,val,0.5758542,0.5293936,0.55262387,1,0.011362167143780022,392.5299987792969,426.0618997192383,0
2025-02-28,val,0.49592364,0.5297109,0.51281726,0,-0.021411119194672312,396.989990234375,425.9731497192383,0
2025-03-03,val,0.53156227,0.5300907,0.53082645,1,0.0003088756987408292,388.489990234375,425.8469996643066,0
2025-03-04,val,0.4665065,0.5307264,0.49861646,1,0.03193434067547818,388.6099853515625,425.70724960327146,0
2025-03-05,val,0.4422567,0.52733564,0.48479617,0,-0.010298674575779265,401.0199890136719,425.59694961547854,0
2025-03-06,val,0.5721569,0.5272096,0.5496832,0,-0.009020174249067203,396.8900146484375,425.4764497375488,0
2025-03-07,val,0.41685113,0.52708906,0.47197008,0,-0.03343417146299554,393.30999755859375,425.3419497680664,0
2025-03-10,val,0.6089575,0.528514,0.5687358,1,0.0007628591701605014,380.1600036621094,425.1160498046875,0
2025-03-11,val,0.61619765,0.52776414,0.5719809,1,0.0074122137367840235,380.4500122070313,424.87309982299803,0
2025-03-12,val,0.49634126,0.5268953,0.51161826,0,-0.011741070600337244,383.2699890136719,424.63684982299804,0
2025-03-13,val,0.61534524,0.527691,0.5715181,1,0.025846843279256015,378.7699890136719,424.3956997680664,0
2025-03-14,val,0.53447366,0.52632004,0.5303968,1,0.0003603424164022595,388.55999755859375,424.1876997375488,0
2025-03-17,val,0.6866378,0.5258522,0.60624504,0,-0.0133265321087781,388.7000122070313,423.9795997619629,0
2025-03-18,val,0.60311055,0.5248845,0.5639975,1,0.011211979645717074,383.5199890136719,423.75134963989257,0
2025-03-19,val,0.48086792,0.524928,0.502898,0,-0.0025269737708732976,387.8200073242188,423.617099609375,0
2025-03-20,val,0.56091833,0.5236048,0.5422616,1,0.011425947341478171,386.8399963378906,423.4756495666504,0
2025-03-21,val,0.4449445,0.5186043,0.4817744,1,0.004651578902047371,391.260009765625,423.36434967041015,0
2025-03-24,val,0.40269998,0.5167013,0.45970064,1,0.005291587363635442,393.0799865722656,423.24939956665037,0
2025-03-25,val,0.5060497,0.5100391,0.50804436,0,-0.013133926493846482,395.1600036621094,423.1051495361328,0
2025-03-26,val,0.43374592,0.5088617,0.47130382,1,0.0015641853210581758,389.9700012207031,422.93239959716794,0
2025-03-27,val,0.5708115,0.50824547,0.5395285,0,-0.030160272375136854,390.5799865722656,422.7660494995117,0
2025-03-28,val,0.3181735,0.51434714,0.4162603,0,-0.009002041326345078,378.7999877929688,422.5206994628906,0
2025-03-31,val,0.3688358,0.52031815,0.44457698,1,0.018114461034178575,375.3900146484375,422.2342495727539,0
2025-04-01,val,0.77622646,0.5256271,0.65092677,0,-0.00013079304181029539,382.1900024414063,421.939899597168,0
2025-04-02,val,0.5905833,0.52630866,0.558446,0,-0.02363015897506171,382.1400146484375,421.6426997375488,0
2025-04-03,val,0.556277,0.5248434,0.5405602,0,-0.035565890848963,373.1099853515625,421.2953996276855,0
2025-04-04,val,0.35450262,0.5267523,0.44062746,0,-0.005502476118493749,359.8399963378906,420.8527496337891,0
2025-04-07,test,0.77076906,0.5278008,0.64928496,0,-0.009221449527884173,357.8599853515625,420.41034957885745,0
2025-04-08,test,0.7960766,0.5264306,0.6612536,1,0.10133684827162037,354.5599975585937,419.95464950561524,0
2025-04-09,test,0.20368946,0.5212242,0.36245683,0,-0.023406449229014803,390.489990234375,419.65819946289065,0
2025-04-10,test,0.40576378,0.5196748,0.46271926,1,0.01861808309919999,381.3500061035156,419.3265994262695,0
2025-04-11,test,0.44948503,0.5154668,0.48247594,0,-0.001647611348500777,388.4500122070313,419.0140994262695,0
2025-04-14,test,0.45133358,0.5125106,0.4819221,0,-0.005363416583790803,387.80999755859375,418.69234939575193,0
2025-04-15,test,0.2947666,0.5084557,0.40161115,0,-0.03660598147045935,385.7300109863281,418.356749420166,0
2025-04-16,test,0.57102126,0.51002127,0.54052126,0,-0.010306468403001201,371.6099853515625,417.9800492858887,0
2025-04-17,test,0.7110958,0.514211,0.6126534,0,-0.02354669555400757,367.7799987792969,417.53529922485353,0
2025-04-21,test,0.7537686,0.5199213,0.636845,1,0.021441335240937054,359.1199951171875,417.034499206543,0
2025-04-22,test,0.6781711,0.5223263,0.6002487,1,0.020636844155362155,366.8200073242188,416.5647492980957,0
2025-04-23,test,0.72392046,0.5184842,0.62120235,1,0.034482685540249136,374.3900146484375,416.0988993835449,0
2025-04-24,test,0.60137475,0.5146832,0.55802894,1,0.011748046614912466,387.2999877929688,415.7041993713379,0
2025-04-25,test,0.6332247,0.5061312,0.56967795,0,-0.001760884089979986,391.8500061035156,415.36574935913086,0
2025-04-28,test,0.4839404,0.5005772,0.4922588,1,0.007362728438105481,391.1600036621094,414.99029937744143,0
2025-04-29,test,0.43431005,0.4968098,0.46555993,1,0.003096135403123812,394.0400085449219,414.6869993591309,0
2025-04-30,test,0.35693613,0.48998284,0.42345947,1,0.07625356318928223,395.260009765625,414.39554946899415,0
2025-05-01,test,0.17715845,0.49107236,0.3341154,1,0.023225211623337794,425.3999938964844,414.2527494812012,1
2025-05-02,test,0.15102422,0.48988977,0.32045698,1,0.0020446945665628657,435.2799987792969,414.1815495300293,1
2025-05-05,test,0.3292702,0.4866944,0.4079823,0,-0.006557112550366728,436.1700134277344,414.1447996520996,1
2025-05-06,test,0.39788115,0.484711,0.44129607,1,9.233238362216234e-05,433.30999755859375,414.10949966430667,1
2025-05-07,test,0.35785073,0.48323384,0.4205423,1,0.011122665873615656,433.3500061035156,414.09069976806643,1
2025-05-08,test,0.1036916,0.48405167,0.29387164,1,0.0012780371577985061,438.1700134277344,414.06684982299805,1
2025-05-09,test,0.2596387,0.48310804,0.37137336,1,0.024001090683593684,438.7300109863281,414.03624984741214,1
2025-05-12,test,0.15693359,0.4841011,0.32051733,0,-0.00026709503311928007,449.260009765625,414.1380499267578,1
2025-05-13,test,0.2068346,0.48396802,0.34540132,1,0.008460586162520434,449.1400146484375,414.29175003051756,1
2025-05-14,test,0.16971646,0.48436496,0.3270407,1,0.00041948699691363167,452.9400024414063,414.43010009765624,1
2025-05-15,test,0.19078489,0.48450246,0.33764368,1,0.0025157992597604206,453.1300048828125,414.56210006713866,1
2025-05-16,test,0.13683128,0.48510492,0.3109681,1,0.010126150119454946,454.2699890136719,414.71884994506837,1
2025-05-19,test,0.17873956,0.48692316,0.33283135,0,-0.0015254466339085226,458.8699951171875,414.9214498901367,1
2025-05-20,test,0.23311171,0.48779508,0.3604534,0,-0.01222255044938425,458.1700134277344,415.1267500305176,1
2025-05-21,test,0.2917852,0.48937553,0.39058036,1,0.005059942086933722,452.5700073242188,415.34715011596677,1
2025-05-22,test,0.2139598,0.4951119,0.35453585,0,-0.010288864324180969,454.8599853515625,415.6457000732422,1
2025-05-23,test,0.62010324,0.50197434,0.5610388,1,0.023346239141272207,450.1799926757813,415.89855010986327,1
2025-05-27,test,0.4116995,0.50670743,0.45920348,0,-0.007228325060662288,460.6900024414063,416.2098501586914,1
2025-05-28,test,0.44090706,0.5112153,0.4760612,1,0.002886145195242884,457.3599853515625,416.4832000732422,1
2025-05-29,test,0.2998194,0.51371354,0.40676647,1,0.0036626683147453765,458.6799926757813,416.7465000915527,1
2025-05-30,test,0.3764979,0.5136144,0.44505614,1,0.003497297593992865,460.3599853515625,417.0142500305176,1
2025-06-02,test,0.37327844,0.51839995,0.4458392,1,0.0021646427199983886,461.9700012207031,417.254049987793,1
2025-06-03,test,0.3413442,0.5186537,0.42999893,1,0.001943957263130125,462.9700012207031,417.4846000671387,1
2025-06-04,test,0.4199075,0.51816446,0.46903598,1,0.008213502918271942,463.8699951171875,417.6988000488281,1
2025-06-05,test,0.53124464,0.5156373,0.52344096,1,0.005773204433192403,467.6799926757813,417.94485000610354,1
2025-06-06,test,0.35652155,0.5160698,0.4362957,1,0.005038469094318598,470.3800048828125,418.1891000366211,1
2025-06-09,test,0.38496396,0.51368904,0.44932652,0,-0.003870939338478263,472.75,418.42885009765627,1
2025-06-10,test,0.2790429,0.51543593,0.39723942,1,0.003609915996305446,470.9200134277344,418.6627500915527,1
2025-06-11,test,0.17929752,0.515356,0.34732676,1,0.013224154848654468,472.6199951171875,418.94810012817385,1
2025-06-12,test,0.42317212,0.51419777,0.46868494,0,-0.008165062964850311,478.8699951171875,419.25850006103514,1
2025-06-13,test,0.34966207,0.5163834,0.43302274,1,0.008800790105611966,474.9599914550781,419.5658500671387,1
2025-06-16,test,0.29750705,0.51667076,0.4070889,0,-0.0022957926073503554,479.1400146484375,419.8923501586914,1
2025-06-17,test,0.26862925,0.51686573,0.3927475,1,0.004602086959519358,478.0400085449219,420.22955017089845,1
2025-06-18,test,0.28289202,0.51654863,0.3997203,0,-0.00591370230643351,480.239990234375,420.56515014648437,1
2025-06-20,test,0.39771116,0.51806504,0.4578881,1,0.018014256835915177,477.3999938964844,420.86645004272464,1
2025-06-23,test,0.54746366,0.51839423,0.53292894,1,0.00845675998263884,486.0,421.2492500305176,1
2025-06-24,test,0.4033806,0.5170533,0.46021694,1,0.004407181503474078,490.1099853515625,421.65529998779294,1
2025-06-25,test,0.29412365,0.5152963,0.40470996,1,0.010522727992698266,492.2699890136719,422.07469985961916,1
2025-06-26,test,0.19033432,0.5121797,0.351257,0,-0.003035500509740774,497.4500122070313,422.55344985961915,1
2025-06-27,test,0.31189206,0.5096749,0.41078347,1,0.0029640706808617967,495.9400024414063,423.00454986572265,1
2025-06-30,test,0.31065753,0.51004565,0.41035157,0,-0.010775850565284628,497.4100036621094,423.42059982299804,1
2025-07-01,test,0.38968545,0.5138386,0.45176202,0,-0.001951003920118155,492.0499877929688,423.7656497192383,1
2025-07-02,test,0.4306819,0.5172246,0.47395325,1,0.015781221482401575,491.0899963378906,424.0860997009277,1
2025-07-03,test,0.3346182,0.5182388,0.4264285,0,-0.0022451991127608872,498.8399963378906,424.4273497009277,1
2025-07-07,test,0.33338374,0.5178731,0.42562842,0,-0.002210090213006888,497.7200012207031,424.7592497253418,1
2025-07-08,test,0.4413721,0.520338,0.48085505,1,0.013873816431438035,496.6199951171875,425.0665997314453,1
2025-07-09,test,0.55054575,0.5175352,0.53404045,0,-0.004031694981082468,503.510009765625,425.43009979248046,1
2025-07-10,test,0.47245517,0.518705,0.49558008,1,0.0036691319645456577,501.4800109863281,425.7440498352051,1
2025-07-11,test,0.31774408,0.5189943,0.41836917,0,-0.0005960786501254534,503.3200073242188,426.0842999267578,1
2025-07-14,test,0.3606455,0.52008414,0.44036484,1,0.005566415593219798,503.0199890136719,426.43184982299806,1
2025-07-15,test,0.46209458,0.51848173,0.49028814,0,-0.00039542169968598273,505.8200073242188,426.81509979248045,1
2025-07-16,test,0.46758866,0.51871824,0.49315345,1,0.012024874705429012,505.6199951171875,427.1826498413086,1
2025-07-17,test,0.45091316,0.51575816,0.48333567,0,-0.003224593266952902,511.7000122070313,427.5845999145508,1
2025-07-18,test,0.48385027,0.5162463,0.5000483,1,1.96250678650145e-05,510.0499877929688,427.99474990844726,1
2025-07-21,test,0.38739958,0.5173213,0.45236045,0,-0.009391068830822413,510.05999755859375,428.3935499572754,1
2025-07-22,test,0.56015724,0.5207709,0.54046404,1,0.0011874960250199962,505.2699890136719,428.8164498901367,1
2025-07-23,test,0.6440477,0.5229446,0.58349615,1,0.009903749607573342,505.8699951171875,429.2601498413086,1
2025-07-24,test,0.40395463,0.52330524,0.46362993,1,0.005539494720473437,510.8800048828125,429.7318498229981,1
2025-07-25,test,0.3368467,0.52154297,0.42919484,0,-0.0023554572052336686,513.7100219726562,430.22009994506834,1
2025-07-28,test,0.34630638,0.52268904,0.4344977,1,0.0001365996570121819,512.5,430.7348999023437,1
2025-07-29,test,0.33812922,0.52111,0.4296196,1,0.0013071051770152664,512.5700073242188,431.2241999816895,1
2025-07-30,test,0.32366678,0.52000964,0.42183822,1,0.03947472946598163,513.239990234375,431.7030999755859,1
2025-07-31,test,0.38136685,0.51505524,0.44821104,0,-0.01760077722293818,533.5,432.2913999938965,1
2025-08-01,test,0.5771071,0.517061,0.54708403,1,0.021999255154699693,524.1099853515625,432.8303498840332,1
2025-08-04,test,0.5228182,0.5142262,0.5185222,0,-0.014730069510613508,535.6400146484375,433.4128498840332,1
2025-08-05,test,0.5526187,0.5125336,0.53257614,0,-0.005324486136605855,527.75,433.9578999328613,1
2025-08-06,test,0.5538369,0.51229954,0.5330682,0,-0.007810369883928137,524.9400024414062,434.5019999694824,1
2025-08-07,test,0.5952298,0.51667356,0.5559517,1,0.0023038766415852674,520.8400268554688,435.02260009765627,1
2025-08-08,test,0.5653269,0.51872677,0.5420269,0,-0.0005171222654515306,522.0399780273438,435.54199996948245,1
2025-08-11,test,0.5023295,0.52056736,0.51144844,1,0.014316596246437996,521.77001953125,436.0569500732422,1
2025-08-12,test,0.36862195,0.519615,0.44411847,0,-0.01636303624882196,529.239990234375,436.56559997558594,1
2025-08-13,test,0.5034381,0.5223853,0.5129117,1,0.0036497047841510533,520.5800170898438,437.0455000305176,1
2025-08-14,test,0.33231828,0.5250944,0.42870635,0,-0.0044212173574982305,522.47998046875,437.5342498779297,1
2025-08-15,test,0.40273494,0.52836436,0.46554965,0,-0.005901930955421908,520.1699829101562,437.99434982299806,1
2025-08-18,test,0.36561754,0.5319661,0.4487918,0,-0.014175182592031321,517.0999755859375,438.4468997192383,1
2025-08-19,test,0.78876716,0.5343645,0.66156584,0,-0.007944735626365218,509.7699890136719,438.8359996032715,1
2025-08-20,test,0.6906503,0.53620976,0.61343,0,-0.00292654232135503,505.7200012207031,439.2019496154785,1
2025-08-21,test,0.75413364,0.5357263,0.64493,1,0.005929757278004377,504.239990234375,439.6913995361328,1
2025-08-22,test,0.73144525,0.5374778,0.6344615,0,-0.0058553341804989945,507.2300109863281,440.1756996154785,1
2025-08-25,test,0.77000016,0.5371621,0.65358114,0,-0.004402493114088024,504.260009765625,440.6546997070312,1
2025-08-26,test,0.75111485,0.5390759,0.64509535,1,0.00936176720870363,502.0400085449219,441.10759979248047,1
2025-08-27,test,0.7398296,0.5355163,0.63767296,1,0.005722904191400424,506.739990234375,441.54039978027345,1
2025-08-28,test,0.4925683,0.53592616,0.51424724,0,-0.005788423440545976,509.6400146484375,441.9614498901367,1
2025-08-29,test,0.623104,0.53643197,0.57976794,0,-0.0030985559546349295,506.6900024414063,442.38219985961916,1
2025-09-02,test,0.5838971,0.53552926,0.5597132,1,0.0004553590999198942,505.1199951171875,442.81774978637696,1
2025-09-03,test,0.41110653,0.53441083,0.47275868,1,0.005184515851476723,505.3500061035156,443.2293498229981,1
2025-09-04,test,0.44541597,0.53319865,0.4893073,0,-0.025533006259296664,507.9700012207031,443.6431997680664,1
2025-09-05,test,0.5597218,0.5339741,0.54684794,1,0.006464671125315791,495.0,443.9837496948242,1
2025-09-08,test,0.5116428,0.53228796,0.5219654,1,0.00042150030094911806,498.2000122070313,444.3997497558594,1
2025-09-09,test,0.460483,0.5326751,0.49657905,1,0.003932488193810091,498.4100036621094,444.8129997253418,1
2025-09-10,test,0.54504573,0.53227127,0.5386585,1,0.0012790827881028477,500.3699951171875,445.2258996582031,1
2025-09-11,test,0.57096016,0.5319515,0.55145586,1,0.017744124783092063,501.010009765625,445.6534997558594,1
2025-09-12,test,0.674282,0.5293372,0.6018096,1,0.010707965327386493,509.8999938964844,446.13864974975587,1
2025-09-15,test,0.41690403,0.52441114,0.4706576,0,-0.012263227620067041,515.3599853515625,446.63044967651365,1
2025-09-16,test,0.58782107,0.5213084,0.5545647,1,0.001925154118143313,509.0400085449219,447.08169967651367,1
2025-09-17,test,0.42433614,0.51964223,0.47198918,0,-0.0030782652454010018,510.0199890136719,447.49184967041015,1
2025-09-18,test,0.4967055,0.5192174,0.50796145,1,0.01864486230927631,508.4500122070313,447.9191497802734,1
2025-09-19,test,0.51440537,0.5133702,0.51388776,0,-0.0067190170833154594,517.9299926757812,448.3914997863769,1
2025-09-22,test,0.4038687,0.51447666,0.45917267,0,-0.010146760806378219,514.4500122070312,448.8088497924805,1
2025-09-23,test,0.5805231,0.51488507,0.5477041,1,0.0018066156556137969,509.2300109863281,449.19899978637693,1
2025-09-24,test,0.5345267,0.5167256,0.5256262,0,-0.0061158387817614734,510.1499938964844,449.5626496887207,1
2025-09-25,test,0.5015074,0.51873624,0.5101218,1,0.00873714116807034,507.0299987792969,449.88469970703125,1
2025-09-26,test,0.55582917,0.5204794,0.53815424,1,0.006139256605245391,511.4599914550781,450.22414962768556,1
2025-09-29,test,0.5052198,0.51939464,0.5123072,1,0.006509982083227506,514.5999755859375,450.5670495605469,1
2025-09-30,test,0.56751096,0.5155646,0.54153776,1,0.0033980301653540046,517.9500122070312,450.9401496887207,1
2025-10-01,test,0.5519678,0.51239324,0.53218055,0,-0.007638936272985952,519.7100219726562,451.29374984741213,1
2025-10-02,test,0.4484988,0.5122248,0.4803618,1,0.003121699658835464,515.739990234375,451.624649810791,1
2025-10-03,test,0.44322062,0.5135939,0.47840726,1,0.021687508007657064,517.3499755859375,451.97504974365233,1
2025-10-06,test,0.73527056,0.5105088,0.62288964,0,-0.008683857940984696,528.5700073242188,452.359949798584,1
2025-10-07,test,0.5045987,0.510326,0.5074624,1,0.0016603594595525628,523.97998046875,452.70754974365235,1
2025-10-08,test,0.50871783,0.5099767,0.50934726,0,-0.004667907565661822,524.8499755859375,453.14484954833983,1
2025-10-09,test,0.5172061,0.50962555,0.5134158,0,-0.021898990092536486,522.4000244140625,453.5716996765137,1
2025-10-10,test,0.7595804,0.5164678,0.6380241,1,0.0060474330467461535,510.9599914550781,453.9434996032715,1
2025-10-13,test,0.55466604,0.5237944,0.5392302,0,-0.00093372333459385,514.0499877929688,454.33749954223634,1
2025-10-14,test,0.6369055,0.52617973,0.5815426,0,-0.0002726301116511287,513.5700073242188,454.7086996459961,1
2025-10-15,test,0.5708441,0.52776945,0.54930675,0,-0.0035448013364658415,513.4299926757812,455.0852996826172,1
2025-10-16,test,0.64506614,0.52903724,0.5870517,1,0.003850651462417254,511.6099853515625,455.4906996154785,1
2025-10-17,test,0.69887364,0.5295211,0.6141974,1,0.006250167122328731,513.5800170898438,455.93444976806643,1
2025-10-20,test,0.6363586,0.5297767,0.58306766,1,0.0016834597306014665,516.7899780273438,456.4108996582031,1
2025-10-21,test,0.5165227,0.5285317,0.5225272,1,0.0055635069973014595,517.6599731445312,456.90629959106445,1
2025-10-22,test,0.59809643,0.5267019,0.56239915,1,3.8459161822324006e-05,520.5399780273438,457.3922494506836,1
2025-10-23,test,0.42655566,0.52425134,0.4754035,1,0.00585905142014953,520.5599975585938,457.855799407959,1
2025-10-24,test,0.40949115,0.5191379,0.46431452,1,0.015106729055933688,523.6099853515625,458.36199935913083,1
2025-10-27,test,0.65403014,0.5136908,0.5838605,1,0.019848712005754443,531.52001953125,458.8967994689941,1
2025-10-28,test,0.5188371,0.5078391,0.5133381,0,-0.0009593217190099201,542.0700073242188,459.51239944458007,1
2025-10-29,test,0.4334489,0.5041594,0.46880415,0,-0.029157009294181968,541.5499877929688,460.1341993713379,1
2025-10-30,test,0.7717804,0.5067949,0.63928765,0,-0.015120990678951118,525.760009765625,460.68464935302734,1
2025-10-31,test,0.67322904,0.51490617,0.5940676,0,-0.0015062827396076228,517.8099975585938,461.1421493530273,1
2025-11-03,test,0.6794536,0.52383703,0.60164535,0,-0.005222157426142293,517.030029296875,461.6043995666504,1
2025-11-04,test,0.6153123,0.5272365,0.5712744,0,-0.0139404918816588,514.3300170898438,462.0308996582031,1
2025-11-05,test,0.5198809,0.530114,0.5249975,0,-0.019835944250241266,507.1600036621094,462.4241996765137,1
2025-11-06,test,0.81579626,0.533455,0.67462564,0,-0.000563264485735071,497.1000061035156,462.6786996459961,1
2025-11-07,test,0.84180975,0.53553224,0.688671,1,0.018477501993575007,496.8200073242188,462.9292497253418,1
2025-11-10,test,0.69731134,0.53518,0.6162456,1,0.0052964282130065765,506.0,463.2389497375488,1
2025-11-11,test,0.7225228,0.53312606,0.6278244,1,0.004836089502392005,508.6799926757813,463.60954971313475,1
2025-11-12,test,0.5259247,0.53367466,0.5297997,0,-0.015357839101904136,511.1400146484375,463.9292497253418,1
2025-11-13,test,0.5666446,0.5333961,0.55002034,1,0.013689888561029262,503.2900085449219,464.2340498352051,1
2025-11-14,test,0.65729874,0.53178525,0.594542,0,-0.005272653730103882,510.1799926757813,464.7099998474121,1
2025-11-17,test,0.6948256,0.5307162,0.6127709,0,-0.026995570263614543,507.489990234375,465.17214981079104,1
2025-11-18,test,0.38198912,0.5321697,0.4570794,0,-0.013507793418885194,493.7900085449219,465.586499786377,1
2025-11-19,test,0.8221123,0.53172183,0.6769171,0,-0.017839551914340168,487.1199951171875,465.96024978637695,1
2025-11-20,test,0.7833986,0.53328574,0.6583422,0,-0.013188967362399273,478.4299926757813,466.28594970703125,1
2025-11-21,test,0.8270318,0.5347814,0.6809066,1,0.003982048848293118,472.1199951171875,466.5674496459961,1
2025-11-24,test,0.61478937,0.5352715,0.57503045,1,0.006307996275052741,474.0,466.8886996459961,1
2025-11-25,test,0.6656369,0.5343381,0.5999875,1,0.01784106572434263,476.989990234375,467.21254959106443,1
2025-11-26,test,0.5801859,0.5321689,0.5561774,1,0.013408876963182381,485.5,467.5828495788574,1
2025-11-28,test,0.5563104,0.5288844,0.5425974,0,-0.010711203891482723,492.010009765625,467.9976995849609,1
2025-12-01,test,0.5144653,0.5303718,0.5224185,1,0.00669764110414528,486.739990234375,468.3786994934082,1
2025-12-02,test,0.48342216,0.5271233,0.50527275,0,-0.025040793905452774,490.0,468.7865495300293,1
2025-12-03,test,0.51690084,0.5259143,0.5214076,1,0.006509922508618482,477.7300109863281,469.12699951171874,1
2025-12-04,test,0.5561517,0.5266821,0.5414169,1,0.004824905045104577,480.8399963378906,469.45734954833983,1
2025-12-05,test,0.6228208,0.5264372,0.574629,1,0.01626787253081341,483.1600036621094,469.7924995422363,1
2025-12-08,test,0.509467,0.52374446,0.51660573,1,0.002036576967077819,491.0199890136719,470.2065495300293,1
2025-12-09,test,0.3980748,0.5205266,0.4593007,0,-0.027356594763681685,492.0199890136719,470.64664947509766,1
2025-12-10,test,0.46783015,0.5182772,0.49305367,1,0.010259954210878552,478.55999755859375,471.0499494934082,1
2025-12-11,test,0.5240606,0.5210159,0.52253824,0,-0.01021780550795981,483.4700012207031,471.4686494445801,1
2025-12-12,test,0.61611074,0.52403075,0.57007074,0,-0.0077528921165695985,478.5299987792969,471.8986494445801,1
2025-12-15,test,0.50196296,0.5248578,0.5134104,1,0.003306531527738743,474.8200073242188,472.2877995300293,1
2025-12-16,test,0.6000413,0.5263784,0.56320983,0,-0.0005668035075194755,476.3900146484375,472.7272996520996,1
2025-12-17,test,0.60615766,0.52494043,0.565549,1,0.016508476749030443,476.1199951171875,473.16484970092773,1
2025-12-18,test,0.7260135,0.5251595,0.6255865,1,0.00400843505386228,483.9800109863281,473.579649810791,1
2025-12-19,test,0.48782298,0.5188457,0.50333434,0,-0.002057951869374297,485.9200134277344,474.0247998046875,1
2025-12-22,test,0.56431454,0.52028894,0.5423018,1,0.003980022730220467,484.9200134277344,474.4828498840332,1
2025-12-23,test,0.4879542,0.51558244,0.50176835,1,0.0024031691393415766,486.8500061035156,475.01629989624024,1
2025-12-24,test,0.60236377,0.51191646,0.5571401,0,-0.0006352148796615609,488.0199890136719,475.55414978027346,1
2025-12-26,test,0.581881,0.50880337,0.5453422,0,-0.0012507132563402967,487.7099914550781,476.07634979248047,1
2025-12-29,test,0.52480125,0.5102472,0.51752424,1,0.0007801372984006516,487.1000061035156,476.61799987792966,1
2025-12-30,test,0.6358283,0.51004106,0.5729347,0,-0.007918305945161852,487.4800109863281,477.1125999450684,1
2025-12-31,test,0.74113387,0.5132001,0.627167,0,-0.022083439029838448,483.6199951171875,477.58719985961915,1
2026-01-02,test,0.6033397,0.51872367,0.5610317,0,-0.00019029123657565705,472.9400024414063,478.0342999267578,0
2026-01-05,test,0.6390905,0.5225832,0.58083683,1,0.011969976925135795,472.8500061035156,478.4594499206543,0
2026-01-06,test,0.7690627,0.5257834,0.647423,1,0.010365491533829152,478.510009765625,478.917799987793,0
2026-01-07,test,0.62877244,0.52665544,0.57771397,0,-0.011086553158639045,483.4700012207031,479.37884994506834,1
2026-01-08,test,0.7360275,0.527626,0.63182676,1,0.0024471637564189574,478.1099853515625,479.80399993896486,0
2026-01-09,test,0.6694856,0.5262206,0.5978531,0,-0.004381585104457075,479.2799987792969,480.22459991455077,0
2026-01-12,test,0.77521336,0.52531594,0.6502646,0,-0.013642607292779219,477.1799926757813,480.6606498718262,0
2026-01-13,test,0.79587865,0.52600384,0.66094124,0,-0.023987099714937177,470.6700134277344,481.0611000061035,0
2026-01-14,test,0.7474008,0.5290173,0.6382091,0,-0.005921026583203148,459.3800048828125,481.46400009155275,0
2026-01-15,test,0.62847,0.53138477,0.5799274,1,0.007007361415038327,456.6600036621094,481.8703500366211,0
2026-01-16,test,0.58244675,0.5318384,0.5571426,0,-0.01161222221543845,459.8599853515625,482.2586999511719,0
2026-01-20,test,0.6473708,0.5322526,0.5898117,0,-0.022903291194518283,454.5199890136719,482.62059982299803,0
2026-01-21,test,0.8604486,0.53410757,0.6972781,1,0.01582947812197899,444.1099853515625,482.97559982299805,0
2026-01-22,test,0.8825896,0.5327024,0.707646,1,0.03282794050120974,451.1400146484375,483.4320999145508,0
2026-01-23,test,0.5445447,0.5301658,0.53735524,1,0.009292813518248622,465.9500122070313,483.9725500488281,0
2026-01-26,test,0.50974816,0.5274439,0.51859605,1,0.021901819808846534,470.2799987792969,484.55115005493167,0
2026-01-27,test,0.62594527,0.5233729,0.5746591,1,0.0021848981228622666,480.5799865722656,485.0016000366211,0
2026-01-28,test,0.53763545,0.5110639,0.5243497,0,-0.09993149179840488,481.6300048828125,485.50300003051757,0
2026-01-29,test,0.3541419,0.51243556,0.43328872,0,-0.0074048245791883405,433.5,485.7282499694824,0
2026-01-30,test,0.72995436,0.5247921,0.6273732,0,-0.016082208023224243,430.2900085449219,485.9406500244141,0
2026-02-02,test,0.6989279,0.5260982,0.61251307,0,-0.02872193070447404,423.3699951171875,486.12884994506834,0
2026-02-03,test,0.7062313,0.5262912,0.61626124,1,0.007246932341753887,411.2099914550781,486.32684997558596,0
2026-02-04,test,0.66401714,0.52518255,0.59459984,0,-0.04954245368724175,414.1900024414063,486.5588999938965,0
2026-02-05,test,0.8515012,0.53030634,0.6909038,1,0.01897528632079659,393.6700134277344,486.73165008544925,0
2026-02-06,test,0.7236655,0.528942,0.62630373,1,0.03106145236096225,401.1400146484375,486.9032501220703,0
2026-02-09,test,0.5495776,0.5249184,0.537248,0,-0.0007979136483889926,413.6000061035156,487.0993000793457,0
2026-02-10,test,0.63370025,0.52377295,0.5787366,0,-0.021535543671403534,413.2699890136719,487.2291500854492,0
2026-02-11,test,0.8589839,0.52339005,0.69118696,0,-0.006256643197682599,404.3699951171875,487.29175003051756,0
2026-02-12,test,0.89218956,0.5222252,0.7072074,0,-0.0012940200537793212,401.8399963378906,487.3451499938965,0
2026-02-13,test,0.72638893,0.5208494,0.6236192,0,-0.01111338057226019,401.3200073242188,487.381549987793,0
2026-02-17,test,0.69138473,0.52124566,0.6063152,1,0.006904250499142339,396.8599853515625,487.38954986572264,0
2026-02-18,test,0.45499113,0.5220112,0.4885012,0,-0.002852889467029107,399.6000061035156,487.2605499267578,0
2026-02-19,test,0.6231972,0.52508503,0.57414114,0,-0.0030868355547025716,398.4599914550781,487.0764498901367,0
2026-02-20,test,0.73198134,0.5268344,0.6294079,0,-0.032122471647954565,397.2300109863281,486.8817498779297,0
2026-02-23,test,0.43771708,0.5260001,0.48185858,1,0.01178245055508631,384.4700012207031,486.6375498962402,0
2026-02-24,test,0.6621945,0.52630144,0.59424794,1,0.029820067104153303,389.0,486.41579986572265,0
2026-02-25,test,0.59394795,0.52537227,0.5596601,1,0.002795794059219592,400.6000061035156,486.2279498291016,0
2026-02-26,test,0.4085149,0.5189271,0.46372098,0,-0.022353905603506474,401.7200012207031,486.04289978027344,0
2026-02-27,test,0.42520702,0.51559216,0.4703996,1,0.014793496213936885,392.739990234375,485.7602996826172,0
2026-03-02,test,0.33617252,0.5140761,0.42512432,1,0.013498946299321357,398.5499877929688,485.50734954833985,0
2026-03-03,test,0.38873297,0.50794345,0.4483382,1,0.0031441575378865494,403.9299926757813,485.2622994995117,0
2026-03-04,test,0.55286765,0.5039055,0.5283866,1,0.013524136978431578,405.2000122070313,485.0226495361328,0
2026-03-05,test,0.54685223,0.49889427,0.5228733,0,-0.004188178755669458,410.6799926757813,484.80469955444335,0
2026-03-06,test,0.52014,0.49578676,0.50796336,1,0.0011003819846291396,408.9599914550781,484.55514953613283,0
2026-03-09,test,0.5731078,0.492867,0.53298736,0,-0.008915253325116002,409.4100036621094,484.3113494873047,0
2026-03-10,test,0.5612439,0.4939998,0.52762187,0,-0.002168781697636457,405.760009765625,484.0772994995117,0
2026-03-11,test,0.75124174,0.4986105,0.6249261,0,-0.007459048347235875,404.8800048828125,483.827399597168,0
2026-03-12,test,0.58832264,0.50339377,0.5458582,0,-0.01570198026328362,401.8599853515625,483.5857995605469,0
2026-03-13,test,0.64553094,0.50938505,0.577458,1,0.011123813803188609,395.5499877929688,483.2600994873047,0
2026-03-16,test,0.43342268,0.51391894,0.4736708,0,-0.001350190094862147,399.9500122070313,482.97304962158205,0
2026-03-17,test,0.47676882,0.51696527,0.49686706,0,-0.019078127856892224,399.4100036621094,482.6766996765137,0
2026-03-18,test,0.3954097,0.5201311,0.4577704,0,-0.007070163788856276,391.7900085449219,482.33384979248046,0
2026-03-19,test,0.51734805,0.5226689,0.52000844,0,-0.018379502592174246,389.0199890136719,481.96909973144534,0
2026-03-20,test,0.52084845,0.5231884,0.52201843,1,0.002959135038786531,381.8699951171875,481.56359970092774,0
2026-03-23,test,0.73385805,0.52713424,0.63049614,0,-0.02678853724706265,383.0,481.1592497253418,0
2026-03-24,test,0.5089441,0.52768475,0.5183144,0,-0.004560770869753483,372.739990234375,480.68454971313474,0
2026-03-25,test,0.5389898,0.5283042,0.533647,0,-0.013664314379738696,371.0400085449219,480.18784973144534,0
2026-03-26,test,0.73101646,0.52973485,0.6303756,0,-0.02513870584021738,365.9700012207031,479.6539497375488,0
2026-03-27,test,0.84421015,0.53057325,0.6873917,1,0.0061384155305796995,356.7699890136719,479.0831996154785,0
2026-03-30,test,0.7533722,0.5305828,0.6419775,1,0.031229168262500107,358.9599914550781,478.514899597168,0
2026-03-31,test,0.5131711,0.5286159,0.52089345,0,-0.0021612185793732364,370.1700134277344,477.9713996887207,0
2026-04-01,test,0.77639234,0.5266333,0.65151286,1,0.011072898156205158,369.3699951171875,477.4434497070313,0
2026-04-02,test,0.39889637,0.5253909,0.46214366,0,-0.0015530085833448393,373.4599914550781,476.9150495910645,0
2026-04-06,test,0.59119475,0.5259186,0.5585567,0,-0.0015822686391459007,372.8800048828125,476.3892495727539,0
2026-04-07,test,0.4642428,0.5238733,0.49405807,1,0.005479540091115842,372.2900085449219,475.8494996643066,0
2026-04-08,test,0.6183232,0.52201796,0.5701706,0,-0.0033659586280662124,374.3299865722656,475.3341496276855,0
2026-04-09,test,0.6762487,0.52169317,0.59897095,0,-0.005897049250382036,373.0700073242188,474.76949966430664,0
2026-04-10,test,0.5240432,0.5217791,0.5229112,1,0.036400895671633515,370.8699951171875,474.1732997131348,0
2026-04-13,test,0.8325028,0.51433843,0.6734206,1,0.022738482049594833,384.3699951171875,473.63379974365233,0
2026-04-14,test,0.59195554,0.50429916,0.54812735,1,0.04606857252161789,393.1099853515625,473.112099609375,0
2026-04-15,test,0.44673,0.49823794,0.47248396,1,0.0219833872819577,411.2200012207031,472.6884996032715,0
2026-04-16,test,0.35265142,0.49260038,0.4226259,1,0.0060200797613549906,420.260009765625,472.30274963378906,0
2026-04-17,test,0.32519808,0.48884434,0.40702122,0,-0.011163937475598074,422.7900085449219,471.95644973754884,0
2026-04-20,test,0.6612111,0.4865941,0.5739026,1,0.01456692953620009,418.0700073242188,471.59134979248046,0
2026-04-21,test,0.38914728,0.48682532,0.4379863,1,0.02065260677572822,424.1600036621094,471.21794982910154,0
2026-04-22,test,0.21944045,0.48698878,0.35321462,0,-0.03966093711350327,432.9200134277344,470.8939498901367,0
2026-04-23,test,0.57381916,0.48541263,0.5296159,1,0.021334925116506254,415.75,470.4895999145508,0
2026-04-24,test,0.4239208,0.48699218,0.4554565,1,0.0004710381266339603,424.6199951171875,470.09514984130857,0
2026-04-27,test,0.43814182,0.48811832,0.46313006,1,0.010427928533036868,424.8200073242188,469.71184982299803,0
2026-04-28,test,0.30552447,0.4888628,0.39719364,0,-0.011159018159398681,429.25,469.34149978637697,0
2026-04-29,test,0.5696296,0.4893387,0.52948415,0,-0.039296972651300055,424.4599914550781,468.94869979858396,0
2026-04-30,test,0.5317177,0.49491942,0.51331854,1,0.016332345093055922,407.7799987792969,468.45849975585935,0
2026-05-01,test,0.45546246,0.5059044,0.48068342,0,-0.001978591157678511,414.4400024414063,468.00259979248045,0
2026-05-04,test,0.66248375,0.5127386,0.5876112,0,-0.005415575312649912,413.6199951171875,467.51219970703124,0
2026-05-05,test,0.35980728,0.5203781,0.44009268,1,0.006271541012307091,411.3800048828125,467.01884979248047,0
2026-05-06,test,0.4337435,0.5237679,0.4787557,1,0.01645085925974743,413.9599914550781,466.5383497619629,0
2026-05-07,test,0.3331153,0.5203857,0.42675048,0,-0.013427749231185726,420.7699890136719,466.11584976196286,0
2026-05-08,test,0.6117488,0.52251077,0.5671298,0,-0.005925976787467646,415.1199951171875,465.6620997619629,0
2026-05-11,test,0.44506946,0.52507937,0.4850744,0,-0.01184998450308139,412.6600036621094,465.1709997558594,0
2026-05-12,test,0.36070552,0.5276781,0.4441918,0,-0.006278043082047158,407.7699890136719,464.64129959106447,0
2026-05-13,test,0.40202767,0.53007483,0.46605125,1,0.010414356283638293,405.2099914550781,464.10484954833987,0
2026-05-14,test,0.16899931,0.5303231,0.3496612,1,0.03050587640227831,409.4299926757813,463.58914947509766,0
2026-05-15,test,0.7116951,0.5294536,0.62057436,1,0.003839578748650485,421.9200134277344,463.13254959106445,0
2026-05-18,test,0.5988446,0.52570355,0.5622741,0,-0.014449626938935034,423.5400085449219,462.58274963378904,0
2026-05-19,test,0.56509143,0.52146137,0.5432764,1,0.008720195519541285,417.4200134277344,462.0492997741699,0
2026-05-20,test,0.33637205,0.5175981,0.42698509,0,-0.004678671049555105,421.05999755859375,461.4763996887207,0
2026-05-21,test,0.5875458,0.51768154,0.5526137,0,-0.001240757398686676,419.0899963378906,460.9330996704102,0
2026-05-22,test,0.61994207,0.5211847,0.5705634,0,-0.006068300404893701,418.5700073242188,460.40124969482423,0
2026-05-26,test,0.51541775,0.52303404,0.5192259,0,-0.008076305462157207,416.0299987792969,459.87719955444334,0
2026-05-27,test,0.56742954,0.5261143,0.5467719,1,0.034700793226276616,412.6700134277344,459.3303497314453,0
2026-05-28,test,0.675082,0.5204539,0.59776795,1,0.05445092515456418,426.989990234375,458.85644958496096,0
2026-05-29,test,0.3672496,0.5106809,0.43896526,1,0.022832265019252507,450.239990234375,458.4614495849609,0
2026-06-01,test,0.37499782,0.5032839,0.43914086,0,-0.04171369737114239,460.5199890136719,458.1611494445801,1
2026-06-02,test,0.7661118,0.49848035,0.6322961,0,-0.03165575513355168,441.30999755859375,457.7552995300293,0
2026-06-03,test,0.37986204,0.49937218,0.4396171,1,0.0016614205577818453,427.3399963378906,457.291149597168,0
2026-06-04,test,0.39205104,0.5033689,0.44770998,0,-0.026585620113925734,428.0499877929688,456.8458996582031,0
2026-06-05,test,0.5571986,0.51161164,0.5344051,0,-0.011831960627074034,416.6700134277344,456.3803997802734,0
2026-06-08,test,0.5218639,0.5229739,0.52241886,0,-0.020231181740505533,411.739990234375,455.9104997253418,0
2026-06-09,test,0.7261347,0.52887607,0.6275054,0,-0.014997194555478321,403.4100036621094,455.40634979248046,0
2026-06-10,test,0.81675404,0.5309753,0.67386466,0,-0.017666572560045224,397.3599853515625,454.8569996643066,0
2026-06-11,test,0.8415166,0.5334335,0.6874751,1,0.0010247320290952544,390.3399963378906,454.28739959716796,0
2026-06-12,test,0.79680586,0.53264576,0.6647258,1,0.023084454513702557,390.739990234375,453.73089950561524,0
2026-06-15,test,0.57802546,0.53092664,0.554476,0,-0.014833957996038927,399.760009765625,453.1959996032715,0
2026-06-16,test,0.68026006,0.5301856,0.6052228,0,-0.03788432424867805,393.8299865722656,452.6169494628906,0
2026-06-17,test,0.8415573,0.5314145,0.6864859,1,0.0012931572923366996,378.9100036621094,451.97804946899413,0
2026-06-18,test,0.7092106,0.5310631,0.62013686,0,-0.03178702623248908,379.3999938964844,451.3494494628906,0
2026-06-22,test,0.88665086,0.53070825,0.70867956,1,0.01796702283800533,367.3399963378906,450.6593994140625,0
2026-06-23,test,0.8134894,0.5282879,0.67088866,0,-0.022677464114465584,373.9400024414063,449.989249420166,0
2026-06-24,test,0.88790196,0.5295841,0.70874304,0,-0.03455919985256439,365.4599914550781,449.3415493774414,0
2026-06-25,test,0.8375855,0.5311498,0.68436766,1,0.05708135763656941,352.8299865722656,448.6146992492676,0
2026-06-26,test,0.5439111,0.5246621,0.5342866,0,-0.011797179081651232,372.9700012207031,447.98749923706055,0
2026-06-29,test,0.86983556,0.5221425,0.695989,1,0.012073640288203347,368.5700073242188,447.3284992980957,0
2026-06-30,test,0.58997166,0.5195243,0.55474794,1,0.030186076074363744,373.0199890136719,446.68854919433596,0
2026-07-01,test,0.4373584,0.51330286,0.47533065,1,0.01616006941502235,384.2799987792969,446.06044921875,0
2026-07-02,test,0.34625885,0.5091347,0.42769676,0,-0.009603319147180267,390.489990234375,445.43609924316405,0
2026-07-06,test,0.43515655,0.5074443,0.47130042,1,0.0054300205733650575,386.739990234375,444.8245991516113,0
2026-07-07,test,0.4969009,0.50126815,0.49908453,0,-0.014144635458798516,388.8399963378906,444.21869918823245,0
2026-07-08,test,0.7444662,0.49985883,0.6221625,1,0.0026607946559606965,383.3399963378906,443.59314910888673,0
2026-07-09,test,0.5929476,0.49858034,0.54576397,1,0.0019253324491523838,384.3599853515625,442.9252990722656,0
2026-07-10,test,0.5682123,0.49710622,0.53265923,1,0.015294687191659273,385.1000061035156,442.278549041748,0
2026-07-13,test,0.37334996,0.49567842,0.4345142,0,-0.01549911176744212,390.989990234375,441.6873489379883,0
2026-07-14,test,0.58047056,0.49510035,0.5377855,1,0.027797294081065793,384.9299926757813,441.0612489318848,0
2026-07-15,test,0.6372766,0.49428666,0.5657816,1,0.013826052506617614,395.6300048828125,440.50424896240236,0
2026-07-16,test,0.3022289,0.49211332,0.3971711,0,-0.018150083940457473,401.1000061035156,439.9524490356445,0
2026-07-17,test,0.5936677,0.49181113,0.5427394,1,0.021507290292973824,393.8200073242188,439.34854919433593,0
2026-07-20,test,0.5470974,0.4932225,0.52015996,0,-0.011285412136739392,402.2900085449219,438.7702491760254,0
2026-07-21,test,0.4427482,0.49240625,0.46757722,0,-0.018629801790344125,397.75,438.16044906616213,0
2026-07-22,test,0.6409209,0.49435878,0.5676398,0,-0.022441998892785864,390.3399963378906,437.5334490966797,0
2026-07-23,test,0.6325387,0.50374985,0.56814426,1,0.0003145490827332065,381.5799865722656,436.85459915161135,0
2026-07-24,test,0.7134507,0.51166373,0.6125572,1,0.019386936494177,381.7000122070313,436.12024917602537,0
2026-07-27,test,0.56646276,0.51580364,0.54113317,1,0.010922641823010837,389.1000061035156,435.4458493041992,0
2026-07-28,test,0.65169173,0.5136248,0.5826583,0,-0.007143758777149345,393.3500061035156,434.7883494567871,0
2026-07-29,test,0.41208348,0.5142853,0.46318442,1,0.15506733300956488,390.5400085449219,434.1290493774414,0
2026-07-30,test,0.09287014,0.5037515,0.29831082,1,0.030192850660396786,451.1000061035156,433.8297494506836,1
2026-07-31,test,0.12426238,0.4974413,0.31085184,1,0.049341523101114504,464.7200012207031,433.5830995178223,1
2026-08-03,test,0.09687473,0.49277422,0.29482448,1,0.010581367223813976,487.6499938964844,433.4534994506836,1
2026-08-04,test,0.13717471,0.4909675,0.31407112,0,-0.010856123313284671,492.80999755859375,433.3503994750977,1
2026-08-05,test,0.39134577,0.489112,0.44022888,1,0.02543797258000624,487.4599914550781,433.2296495056152,1
2026-08-06,test,0.22164471,0.48699355,0.35431913,1,0.0002600825963716691,499.8599853515625,433.16104934692385,1
2026-08-07,test,0.39363733,0.4866169,0.44012713,1,0.012140257690705702,499.989990234375,433.077049407959,1
2026-08-10,test,0.1489535,0.48488504,0.31691927,0,-0.0044461131305670865,506.05999755859375,433.0190495300293,1
2026-08-11,test,0.35148406,0.48353755,0.4175108,0,-0.022587890152951817,503.80999755859375,432.93539962768557,1
2026-08-12,test,0.2503135,0.48327038,0.36679193,1,0.00903684233945734,492.4299926757813,432.7947496032715,1
2026-08-13,test,0.19435225,0.4814587,0.33790547,0,-0.0029786084603609098,496.8800048828125,432.6610997009277,1
2026-08-14,test,0.42938623,0.48130053,0.45534337,0,-0.030379467053674447,495.3999938964844,432.4804995727539,1
2026-08-17,test,0.43912387,0.48116702,0.46014544,1,0.002664721063875719,480.3500061035156,432.1718995666504,1
2026-08-18,test,0.6928527,0.49238813,0.5926204,1,0.005564422167662286,481.6300048828125,431.8722996520996,1
2026-08-19,test,0.4027023,0.50088954,0.45179594,0,-0.006524754141023159,484.30999755859375,431.6650495910645,1
2026-08-20,test,0.6724294,0.5094918,0.5909606,1,0.004343752186226402,481.1499938964844,431.4817495727539,1
2026-08-21,test,0.67360806,0.5158966,0.5947523,1,0.00842233136012771,483.239990234375,431.3127993774414,1
2026-08-24,test,0.43363643,0.5192621,0.47644925,1,0.009029147603226262,487.30999755859375,431.17769927978514,1
